10,05:31:30,309,05:53:29,391
10,06:40:30,309,07:02:29,391
10,07:39:30,309,08:01:29,391
10,14:05:30,309,14:27:29,391
10,15:13:30,309,15:35:29,391
10,16:28:30,309,16:50:29,391
10,17:28:30,309,17:50:29,391
10,18:45:30,309,19:07:29,391
10,19:55:30,309,20:17:29,391
10,05:40:30,309,06:02:29,391
10,06:57:30,309,07:19:29,391
10,07:46:30,309,08:08:29,391
10,14:22:30,309,14:44:29,391
10,15:22:30,309,15:44:29,391
10,16:20:30,309,16:42:29,391
10,05:51:30,309,06:13:29,391
10,06:49:30,309,07:11:29,391
10,08:06:30,309,08:28:29,391
10,09:04:30,309,09:26:29,391
10,09:56:30,309,10:18:29,391
10,11:06:30,309,11:28:29,391
10,12:16:30,309,12:38:29,391
10,13:35:30,309,13:57:29,391
10,14:55:30,309,15:17:29,391
10,15:48:30,309,16:10:29,391
10,16:44:30,309,17:06:29,391
10,17:37:30,309,17:59:29,391
10,18:32:30,309,18:54:29,391
10,19:40:30,309,20:02:29,391
10,20:45:30,309,21:07:29,391
10,21:43:30,309,22:05:29,391
10,22:33:30,309,22:55:29,391
10,05:00:30,309,05:22:29,391
10,05:58:30,309,06:20:29,391
10,07:13:30,309,07:35:29,391
10,08:17:30,309,08:39:29,391
10,09:17:30,309,09:39:29,391
10,10:18:30,309,10:40:29,391
10,11:16:30,309,11:38:29,391
10,12:04:30,309,12:26:29,391
10,13:03:30,309,13:25:29,391
10,14:15:30,309,14:37:29,391
10,15:40:30,309,16:02:29,391
10,16:52:30,309,17:14:29,391
10,17:46:30,309,18:08:29,391
10,06:16:30,309,06:38:29,391
10,07:33:30,309,07:55:29,391
10,08:30:30,309,08:52:29,391
10,09:30:30,309,09:52:29,391
10,10:30:30,309,10:52:29,391
10,11:28:30,309,11:50:29,391
10,12:28:30,309,12:50:29,391
10,13:25:30,309,13:47:29,391
10,14:27:30,309,14:49:29,391
10,15:31:30,309,15:53:29,391
10,16:36:30,309,16:58:29,391
10,17:56:30,309,18:18:29,391
10,19:15:30,309,19:37:29,391
10,20:22:30,309,20:44:29,391
10,21:15:30,309,21:37:29,391
10,22:47:30,309,23:09:29,391
10,06:08:30,309,06:30:29,391
10,07:05:30,309,07:27:29,391
10,07:56:30,309,08:18:29,391
10,08:50:30,309,09:12:29,391
10,10:06:30,309,10:28:29,391
10,10:54:30,309,11:16:29,391
10,11:51:30,309,12:13:29,391
10,12:52:30,309,13:14:29,391
10,13:54:30,309,14:16:29,391
10,14:50:30,309,15:12:29,391
10,16:12:30,309,16:34:29,391
10,17:10:30,309,17:32:29,391
10,18:20:30,309,18:42:29,391
10,19:25:30,309,19:47:29,391
10,20:28:30,309,20:50:29,391
10,21:23:30,309,21:45:29,391
10,22:18:30,309,22:40:29,391
10,05:10:30,309,05:32:29,391
10,06:25:30,309,06:47:29,391
10,07:21:30,309,07:43:29,391
10,08:42:30,309,09:04:29,391
10,09:43:30,309,10:05:29,391
10,10:42:30,309,11:04:29,391
10,11:39:30,309,12:01:29,391
10,12:40:30,309,13:02:29,391
10,13:45:30,309,14:07:29,391
10,15:05:30,309,15:27:29,391
10,16:04:30,309,16:26:29,391
10,17:01:30,309,17:23:29,391
10,18:08:30,309,18:30:29,391
10,19:01:30,309,19:23:29,391
10,20:10:30,309,20:32:29,391
10,21:00:30,309,21:22:29,391
10,22:01:30,309,22:23:29,391
10,23:00:30,309,23:22:29,391
10,05:20:30,309,05:42:29,391
10,06:33:30,309,06:55:29,391
10,07:27:30,309,07:49:29,391
10,13:15:30,309,13:37:29,391
10,14:38:30,309,15:00:29,391
10,15:56:30,309,16:18:29,391
10,17:22:30,309,17:44:29,391
10,15:02:30,309,15:07:29,355
10,05:31:30,309,05:36:29,355
10,06:46:30,309,06:51:29,355
10,15:10:30,309,15:15:29,355
10,05:42:30,309,05:47:29,355
10,06:38:30,309,06:43:29,355
10,13:52:30,309,13:57:29,355
10,15:19:30,309,15:24:29,355
10,06:00:30,309,06:05:29,355
10,14:16:30,309,14:21:29,355
10,18:48:30,309,18:53:29,355
10,13:44:30,309,13:49:29,355
10,14:40:30,309,14:45:29,355
10,19:12:30,309,19:17:29,355
10,21:14:30,309,21:19:29,355
10,22:09:30,309,22:14:29,355
10,06:16:30,309,06:21:29,355
10,07:11:30,309,07:16:29,355
10,21:49:30,309,21:54:29,355
10,15:09:30,355,15:13:29,309
10,18:41:30,355,18:45:29,309
10,05:36:30,355,05:40:29,309
10,06:53:30,355,06:57:29,309
10,15:18:30,355,15:22:29,309
10,05:47:30,355,05:51:29,309
10,06:45:30,355,06:49:29,309
10,14:11:30,355,14:15:29,309
10,15:36:30,355,15:40:29,309
10,06:12:30,355,06:16:29,309
10,14:23:30,355,14:27:29,309
10,19:11:30,355,19:15:29,309
10,13:50:30,355,13:54:29,309
10,14:46:30,355,14:50:29,309
10,19:21:30,355,19:25:29,309
10,21:19:30,355,21:23:29,309
10,22:14:30,355,22:18:29,309
10,06:21:30,355,06:25:29,309
10,07:17:30,355,07:21:29,309
10,21:57:30,355,22:01:29,309
10,05:00:30,391,05:25:29,309
10,06:08:30,391,06:33:29,309
10,07:11:30,391,07:36:29,309
10,13:36:30,391,14:01:29,309
10,14:38:30,391,15:02:29,309
10,15:53:30,391,16:18:29,309
10,16:56:30,391,17:21:29,309
10,18:12:30,391,18:36:29,309
10,19:15:30,391,19:40:29,309
10,05:07:30,391,05:31:29,309
10,06:22:30,391,06:46:29,309
10,07:20:30,391,07:45:29,309
10,13:44:30,391,14:09:29,309
10,14:46:30,391,15:10:29,309
10,15:45:30,391,16:10:29,309
10,05:18:30,391,05:42:29,309
10,06:14:30,391,06:38:29,309
10,07:38:30,391,08:03:29,309
10,08:36:30,391,09:01:29,309
10,09:27:30,391,09:52:29,309
10,10:40:30,391,11:05:29,309
10,11:50:30,391,12:15:29,309
10,13:03:30,391,13:28:29,309
10,14:22:30,391,14:47:29,309
10,15:17:30,391,15:42:29,309
10,16:10:30,391,16:35:29,309
10,17:06:30,391,17:31:29,309
10,18:00:30,391,18:25:29,309
10,19:00:30,391,19:25:29,309
10,20:17:30,391,20:42:29,309
10,21:10:30,391,21:35:29,309
10,22:05:30,391,22:30:29,309
10,05:27:30,391,05:52:29,309
10,06:38:30,391,07:03:29,309
10,07:47:30,391,08:12:29,309
10,08:48:30,391,09:13:29,309
10,09:50:30,391,10:15:29,309
10,10:50:30,391,11:15:29,309
10,11:39:30,391,12:04:29,309
10,12:34:30,391,12:59:29,309
10,13:28:30,391,13:52:29,309
10,14:55:30,391,15:19:29,309
10,16:20:30,391,16:45:29,309
10,17:14:30,391,17:39:29,309
10,05:36:30,391,06:00:29,309
10,07:03:30,391,07:28:29,309
10,08:00:30,391,08:25:29,309
10,09:00:30,391,09:25:29,309
10,10:00:30,391,10:25:29,309
10,11:00:30,391,11:25:29,309
10,12:01:30,391,12:26:29,309
10,12:54:30,391,13:19:29,309
10,13:52:30,391,14:16:29,309
10,15:05:30,391,15:30:29,309
10,16:01:30,391,16:26:29,309
10,17:24:30,391,17:49:29,309
10,18:24:30,391,18:48:29,309
10,19:47:30,391,20:12:29,309
10,20:45:30,391,21:10:29,309
10,22:21:30,391,22:46:29,309
10,05:43:30,391,06:08:29,309
10,06:30:30,391,06:55:29,309
10,07:30:30,391,07:55:29,309
10,08:24:30,391,08:49:29,309
10,09:40:30,391,10:05:29,309
10,10:28:30,391,10:53:29,309
10,11:26:30,391,11:51:29,309
10,12:23:30,391,12:48:29,309
10,13:20:30,391,13:44:29,309
10,14:16:30,391,14:40:29,309
10,15:37:30,391,16:02:29,309
10,16:40:30,391,17:05:29,309
10,17:48:30,391,18:13:29,309
10,18:48:30,391,19:12:29,309
10,20:02:30,391,20:27:29,309
10,20:50:30,391,21:14:29,309
10,21:45:30,391,22:09:29,309
10,05:52:30,391,06:16:29,309
10,06:47:30,391,07:11:29,309
10,08:12:30,391,08:37:29,309
10,09:13:30,391,09:38:29,309
10,10:14:30,391,10:39:29,309
10,11:13:30,391,11:38:29,309
10,12:12:30,391,12:37:29,309
10,13:12:30,391,13:37:29,309
10,14:30:30,391,14:55:29,309
10,15:29:30,391,15:54:29,309
10,16:30:30,391,16:55:29,309
10,17:36:30,391,18:01:29,309
10,18:36:30,391,19:01:29,309
10,19:32:30,391,19:57:29,309
10,20:32:30,391,20:57:29,309
10,21:25:30,391,21:49:29,309
10,22:35:30,391,23:00:29,309
10,06:00:30,391,06:25:29,309
10,06:55:30,391,07:20:29,309
10,12:45:30,391,13:10:29,309
10,14:04:30,391,14:29:29,309
10,15:22:30,391,15:47:29,309
10,16:47:30,391,17:12:29,309
10,15:35:30,391,15:45:29,1078
10,17:50:30,391,18:00:29,1078
10,06:02:30,391,06:12:29,1078
10,07:11:30,391,07:21:29,1078
10,10:18:30,391,10:28:29,1078
10,11:28:30,391,11:38:29,1078
10,12:38:30,391,12:48:29,1078
10,13:57:30,391,14:07:29,1078
10,06:20:30,391,06:30:29,1078
10,14:37:30,391,14:47:29,1078
10,16:02:30,391,16:12:29,1078
10,06:38:30,391,06:48:29,1078
10,16:58:30,391,17:08:29,1078
10,21:37:30,391,21:47:29,1078
10,09:12:30,391,09:22:29,1078
10,15:12:30,391,15:22:29,1078
10,05:32:30,391,05:42:29,1078
10,07:43:30,391,07:53:29,1078
10,14:07:30,391,14:17:29,1078
10,05:42:30,391,05:52:29,1078
10,13:37:30,391,13:47:29,1078
10,15:00:30,391,15:10:29,1078
10,16:18:30,391,16:28:29,1078
10,15:45:30,1078,15:53:29,391
10,18:05:30,1078,18:12:29,391
10,06:15:30,1078,06:22:29,391
10,07:31:30,1078,07:38:29,391
10,10:33:30,1078,10:40:29,391
10,11:43:30,1078,11:50:29,391
10,12:56:30,1078,13:03:29,391
10,14:15:30,1078,14:22:29,391
10,06:31:30,1078,06:38:29,391
10,14:48:30,1078,14:55:29,391
10,16:13:30,1078,16:20:29,391
10,06:56:30,1078,07:03:29,391
10,17:17:30,1078,17:24:29,391
10,22:14:30,1078,22:21:29,391
10,09:33:30,1078,09:40:29,391
10,15:30:30,1078,15:37:29,391
10,05:45:30,1078,05:52:29,391
10,08:05:30,1078,08:12:29,391
10,14:23:30,1078,14:30:29,391
10,05:53:30,1078,06:00:29,391
10,13:57:30,1078,14:04:29,391
10,15:15:30,1078,15:22:29,391
10,16:40:30,1078,16:47:29,391
