5,05:00:30,137,05:18:29,138
5,06:00:30,137,06:18:29,138
5,07:00:30,137,07:18:29,138
5,08:00:30,137,08:18:29,138
5,09:00:30,137,09:18:29,138
5,10:00:30,137,10:18:29,138
5,11:00:30,137,11:18:29,138
5,12:00:30,137,12:18:29,138
5,13:00:30,137,13:18:29,138
5,14:00:30,137,14:18:29,138
5,15:00:30,137,15:18:29,138
5,16:00:30,137,16:18:29,138
5,17:00:30,137,17:18:29,138
5,18:00:30,137,18:18:29,138
5,19:00:30,137,19:18:29,138
5,20:00:30,137,20:18:29,138
5,21:00:30,137,21:18:29,138
5,22:00:30,137,22:18:29,138
5,06:20:30,137,06:38:29,138
5,07:20:30,137,07:38:29,138
5,13:20:30,137,13:38:29,138
5,14:20:30,137,14:38:29,138
5,15:20:30,137,15:38:29,138
5,16:20:30,137,16:38:29,138
5,17:20:30,137,17:38:29,138
5,05:30:30,137,05:48:29,138
5,06:40:30,137,06:58:29,138
5,07:40:30,137,07:58:29,138
5,08:30:30,137,08:48:29,138
5,09:30:30,137,09:48:29,138
5,10:30:30,137,10:48:29,138
5,11:30:30,137,11:48:29,138
5,12:30:30,137,12:48:29,138
5,13:40:30,137,13:58:29,138
5,14:40:30,137,14:58:29,138
5,15:40:30,137,15:58:29,138
5,16:40:30,137,16:58:29,138
5,17:40:30,137,17:58:29,138
5,18:30:30,137,18:48:29,138
5,19:30:30,137,19:48:29,138
5,20:30:30,137,20:48:29,138
5,21:30:30,137,21:48:29,138
5,22:30:30,137,22:48:29,138
5,23:10:30,137,23:28:29,138
5,04:30:30,138,04:52:29,137
5,05:30:30,138,05:52:29,137
5,06:30:30,138,06:52:29,137
5,07:30:30,138,07:52:29,137
5,08:30:30,138,08:52:29,137
5,09:30:30,138,09:52:29,137
5,10:30:30,138,10:52:29,137
5,11:30:30,138,11:52:29,137
5,12:30:30,138,12:52:29,137
5,13:30:30,138,13:52:29,137
5,14:30:30,138,14:52:29,137
5,15:30:30,138,15:52:29,137
5,16:30:30,138,16:52:29,137
5,17:30:30,138,17:52:29,137
5,18:30:30,138,18:52:29,137
5,19:30:30,138,19:52:29,137
5,20:30:30,138,20:52:29,137
5,21:30:30,138,21:52:29,137
5,05:50:30,138,06:12:29,137
5,06:50:30,138,07:12:29,137
5,12:50:30,138,13:12:29,137
5,13:50:30,138,14:12:29,137
5,14:50:30,138,15:12:29,137
5,15:50:30,138,16:12:29,137
5,16:50:30,138,17:12:29,137
5,05:00:30,138,05:22:29,137
5,06:10:30,138,06:32:29,137
5,07:10:30,138,07:32:29,137
5,08:00:30,138,08:22:29,137
5,09:00:30,138,09:22:29,137
5,10:00:30,138,10:22:29,137
5,11:00:30,138,11:22:29,137
5,12:00:30,138,12:22:29,137
5,13:10:30,138,13:32:29,137
5,14:10:30,138,14:32:29,137
5,15:10:30,138,15:32:29,137
5,16:10:30,138,16:32:29,137
5,17:10:30,138,17:32:29,137
5,18:00:30,138,18:22:29,137
5,19:00:30,138,19:22:29,137
5,20:00:30,138,20:22:29,137
5,21:00:30,138,21:22:29,137
5,22:10:30,138,22:30:29,137
5,22:50:30,138,23:10:29,137
10,07:05:30,23,08:00:29,23
10,05:31:30,309,05:53:29,391
10,06:40:30,309,07:02:29,391
10,07:39:30,309,08:01:29,391
10,14:05:30,309,14:27:29,391
10,15:13:30,309,15:35:29,391
10,16:28:30,309,16:50:29,391
10,17:28:30,309,17:50:29,391
10,18:45:30,309,19:07:29,391
10,19:55:30,309,20:17:29,391
10,05:40:30,309,06:02:29,391
10,06:57:30,309,07:19:29,391
10,07:46:30,309,08:08:29,391
10,14:22:30,309,14:44:29,391
10,15:22:30,309,15:44:29,391
10,16:20:30,309,16:42:29,391
10,05:51:30,309,06:13:29,391
10,06:49:30,309,07:11:29,391
10,08:06:30,309,08:28:29,391
10,09:04:30,309,09:26:29,391
10,09:56:30,309,10:18:29,391
10,11:06:30,309,11:28:29,391
10,12:16:30,309,12:38:29,391
10,13:35:30,309,13:57:29,391
10,14:55:30,309,15:17:29,391
10,15:48:30,309,16:10:29,391
10,16:44:30,309,17:06:29,391
10,17:37:30,309,17:59:29,391
10,18:32:30,309,18:54:29,391
10,19:40:30,309,20:02:29,391
10,20:45:30,309,21:07:29,391
10,21:43:30,309,22:05:29,391
10,22:33:30,309,22:55:29,391
10,05:00:30,309,05:22:29,391
10,05:58:30,309,06:20:29,391
10,07:13:30,309,07:35:29,391
10,08:17:30,309,08:39:29,391
10,09:17:30,309,09:39:29,391
10,10:18:30,309,10:40:29,391
10,11:16:30,309,11:38:29,391
10,12:04:30,309,12:26:29,391
10,13:03:30,309,13:25:29,391
10,14:15:30,309,14:37:29,391
10,15:40:30,309,16:02:29,391
10,16:52:30,309,17:14:29,391
10,17:46:30,309,18:08:29,391
10,06:16:30,309,06:38:29,391
10,07:33:30,309,07:55:29,391
10,08:30:30,309,08:52:29,391
10,09:30:30,309,09:52:29,391
10,10:30:30,309,10:52:29,391
10,11:28:30,309,11:50:29,391
10,12:28:30,309,12:50:29,391
10,13:25:30,309,13:47:29,391
10,14:27:30,309,14:49:29,391
10,15:31:30,309,15:53:29,391
10,16:36:30,309,16:58:29,391
10,17:56:30,309,18:18:29,391
10,19:15:30,309,19:37:29,391
10,20:22:30,309,20:44:29,391
10,21:15:30,309,21:37:29,391
10,22:47:30,309,23:09:29,391
10,06:08:30,309,06:30:29,391
10,07:05:30,309,07:27:29,391
10,07:56:30,309,08:18:29,391
10,08:50:30,309,09:12:29,391
10,10:06:30,309,10:28:29,391
10,10:54:30,309,11:16:29,391
10,11:51:30,309,12:13:29,391
10,12:52:30,309,13:14:29,391
10,13:54:30,309,14:16:29,391
10,14:50:30,309,15:12:29,391
10,16:12:30,309,16:34:29,391
10,17:10:30,309,17:32:29,391
10,18:20:30,309,18:42:29,391
10,19:25:30,309,19:47:29,391
10,20:28:30,309,20:50:29,391
10,21:23:30,309,21:45:29,391
10,22:18:30,309,22:40:29,391
10,05:10:30,309,05:32:29,391
10,06:25:30,309,06:47:29,391
10,07:21:30,309,07:43:29,391
10,08:42:30,309,09:04:29,391
10,09:43:30,309,10:05:29,391
10,10:42:30,309,11:04:29,391
10,11:39:30,309,12:01:29,391
10,12:40:30,309,13:02:29,391
10,13:45:30,309,14:07:29,391
10,15:05:30,309,15:27:29,391
10,16:04:30,309,16:26:29,391
10,17:01:30,309,17:23:29,391
10,18:08:30,309,18:30:29,391
10,19:01:30,309,19:23:29,391
10,20:10:30,309,20:32:29,391
10,21:00:30,309,21:22:29,391
10,22:01:30,309,22:23:29,391
10,23:00:30,309,23:22:29,391
10,05:20:30,309,05:42:29,391
10,06:33:30,309,06:55:29,391
10,07:27:30,309,07:49:29,391
10,13:15:30,309,13:37:29,391
10,14:38:30,309,15:00:29,391
10,15:56:30,309,16:18:29,391
10,17:22:30,309,17:44:29,391
10,15:02:30,309,15:07:29,355
10,05:31:30,309,05:36:29,355
10,06:46:30,309,06:51:29,355
10,15:10:30,309,15:15:29,355
10,05:42:30,309,05:47:29,355
10,06:38:30,309,06:43:29,355
10,13:52:30,309,13:57:29,355
10,15:19:30,309,15:24:29,355
10,06:00:30,309,06:05:29,355
10,14:16:30,309,14:21:29,355
10,18:48:30,309,18:53:29,355
10,13:44:30,309,13:49:29,355
10,14:40:30,309,14:45:29,355
10,19:12:30,309,19:17:29,355
10,21:14:30,309,21:19:29,355
10,22:09:30,309,22:14:29,355
10,06:16:30,309,06:21:29,355
10,07:11:30,309,07:16:29,355
10,21:49:30,309,21:54:29,355
10,15:09:30,355,15:13:29,309
10,18:41:30,355,18:45:29,309
10,05:36:30,355,05:40:29,309
10,06:53:30,355,06:57:29,309
10,15:18:30,355,15:22:29,309
10,05:47:30,355,05:51:29,309
10,06:45:30,355,06:49:29,309
10,14:11:30,355,14:15:29,309
10,15:36:30,355,15:40:29,309
10,06:12:30,355,06:16:29,309
10,14:23:30,355,14:27:29,309
10,19:11:30,355,19:15:29,309
10,13:50:30,355,13:54:29,309
10,14:46:30,355,14:50:29,309
10,19:21:30,355,19:25:29,309
10,21:19:30,355,21:23:29,309
10,22:14:30,355,22:18:29,309
10,06:21:30,355,06:25:29,309
10,07:17:30,355,07:21:29,309
10,21:57:30,355,22:01:29,309
10,05:00:30,391,05:25:29,309
10,06:08:30,391,06:33:29,309
10,07:11:30,391,07:36:29,309
10,13:36:30,391,14:01:29,309
10,14:38:30,391,15:02:29,309
10,15:53:30,391,16:18:29,309
10,16:56:30,391,17:21:29,309
10,18:12:30,391,18:36:29,309
10,19:15:30,391,19:40:29,309
10,05:07:30,391,05:31:29,309
10,06:22:30,391,06:46:29,309
10,07:20:30,391,07:45:29,309
10,13:44:30,391,14:09:29,309
10,14:46:30,391,15:10:29,309
10,15:45:30,391,16:10:29,309
10,05:18:30,391,05:42:29,309
10,06:14:30,391,06:38:29,309
10,07:38:30,391,08:03:29,309
10,08:36:30,391,09:01:29,309
10,09:27:30,391,09:52:29,309
10,10:40:30,391,11:05:29,309
10,11:50:30,391,12:15:29,309
10,13:03:30,391,13:28:29,309
10,14:22:30,391,14:47:29,309
10,15:17:30,391,15:42:29,309
10,16:10:30,391,16:35:29,309
10,17:06:30,391,17:31:29,309
10,18:00:30,391,18:25:29,309
10,19:00:30,391,19:25:29,309
10,20:17:30,391,20:42:29,309
10,21:10:30,391,21:35:29,309
10,22:05:30,391,22:30:29,309
10,05:27:30,391,05:52:29,309
10,06:38:30,391,07:03:29,309
10,07:47:30,391,08:12:29,309
10,08:48:30,391,09:13:29,309
10,09:50:30,391,10:15:29,309
10,10:50:30,391,11:15:29,309
10,11:39:30,391,12:04:29,309
10,12:34:30,391,12:59:29,309
10,13:28:30,391,13:52:29,309
10,14:55:30,391,15:19:29,309
10,16:20:30,391,16:45:29,309
10,17:14:30,391,17:39:29,309
10,05:36:30,391,06:00:29,309
10,07:03:30,391,07:28:29,309
10,08:00:30,391,08:25:29,309
10,09:00:30,391,09:25:29,309
10,10:00:30,391,10:25:29,309
10,11:00:30,391,11:25:29,309
10,12:01:30,391,12:26:29,309
10,12:54:30,391,13:19:29,309
10,13:52:30,391,14:16:29,309
10,15:05:30,391,15:30:29,309
10,16:01:30,391,16:26:29,309
10,17:24:30,391,17:49:29,309
10,18:24:30,391,18:48:29,309
10,19:47:30,391,20:12:29,309
10,20:45:30,391,21:10:29,309
10,22:21:30,391,22:46:29,309
10,05:43:30,391,06:08:29,309
10,06:30:30,391,06:55:29,309
10,07:30:30,391,07:55:29,309
10,08:24:30,391,08:49:29,309
10,09:40:30,391,10:05:29,309
10,10:28:30,391,10:53:29,309
10,11:26:30,391,11:51:29,309
10,12:23:30,391,12:48:29,309
10,13:20:30,391,13:44:29,309
10,14:16:30,391,14:40:29,309
10,15:37:30,391,16:02:29,309
10,16:40:30,391,17:05:29,309
10,17:48:30,391,18:13:29,309
10,18:48:30,391,19:12:29,309
10,20:02:30,391,20:27:29,309
10,20:50:30,391,21:14:29,309
10,21:45:30,391,22:09:29,309
10,05:52:30,391,06:16:29,309
10,06:47:30,391,07:11:29,309
10,08:12:30,391,08:37:29,309
10,09:13:30,391,09:38:29,309
10,10:14:30,391,10:39:29,309
10,11:13:30,391,11:38:29,309
10,12:12:30,391,12:37:29,309
10,13:12:30,391,13:37:29,309
10,14:30:30,391,14:55:29,309
10,15:29:30,391,15:54:29,309
10,16:30:30,391,16:55:29,309
10,17:36:30,391,18:01:29,309
10,18:36:30,391,19:01:29,309
10,19:32:30,391,19:57:29,309
10,20:32:30,391,20:57:29,309
10,21:25:30,391,21:49:29,309
10,22:35:30,391,23:00:29,309
10,06:00:30,391,06:25:29,309
10,06:55:30,391,07:20:29,309
10,12:45:30,391,13:10:29,309
10,14:04:30,391,14:29:29,309
10,15:22:30,391,15:47:29,309
10,16:47:30,391,17:12:29,309
10,15:35:30,391,15:45:29,1078
10,17:50:30,391,18:00:29,1078
10,06:02:30,391,06:12:29,1078
10,07:11:30,391,07:21:29,1078
10,10:18:30,391,10:28:29,1078
10,11:28:30,391,11:38:29,1078
10,12:38:30,391,12:48:29,1078
10,13:57:30,391,14:07:29,1078
10,06:20:30,391,06:30:29,1078
10,14:37:30,391,14:47:29,1078
10,16:02:30,391,16:12:29,1078
10,06:38:30,391,06:48:29,1078
10,16:58:30,391,17:08:29,1078
10,21:37:30,391,21:47:29,1078
10,09:12:30,391,09:22:29,1078
10,15:12:30,391,15:22:29,1078
10,05:32:30,391,05:42:29,1078
10,07:43:30,391,07:53:29,1078
10,14:07:30,391,14:17:29,1078
10,05:42:30,391,05:52:29,1078
10,13:37:30,391,13:47:29,1078
10,15:00:30,391,15:10:29,1078
10,16:18:30,391,16:28:29,1078
10,15:45:30,1078,15:53:29,391
10,18:05:30,1078,18:12:29,391
10,06:15:30,1078,06:22:29,391
10,07:31:30,1078,07:38:29,391
10,10:33:30,1078,10:40:29,391
10,11:43:30,1078,11:50:29,391
10,12:56:30,1078,13:03:29,391
10,14:15:30,1078,14:22:29,391
10,06:31:30,1078,06:38:29,391
10,14:48:30,1078,14:55:29,391
10,16:13:30,1078,16:20:29,391
10,06:56:30,1078,07:03:29,391
10,17:17:30,1078,17:24:29,391
10,22:14:30,1078,22:21:29,391
10,09:33:30,1078,09:40:29,391
10,15:30:30,1078,15:37:29,391
10,05:45:30,1078,05:52:29,391
10,08:05:30,1078,08:12:29,391
10,14:23:30,1078,14:30:29,391
10,05:53:30,1078,06:00:29,391
10,13:57:30,1078,14:04:29,391
10,15:15:30,1078,15:22:29,391
10,16:40:30,1078,16:47:29,391
22,06:30:30,77,06:45:29,249
22,07:10:30,77,07:30:29,249
22,08:10:30,77,08:30:29,249
22,09:00:30,77,09:20:29,249
22,10:00:30,77,10:20:29,249
22,11:00:30,77,11:20:29,249
22,12:00:30,77,12:20:29,249
22,13:00:30,77,13:20:29,249
22,14:00:30,77,14:20:29,249
22,15:00:30,77,15:20:29,249
22,16:00:30,77,16:20:29,249
22,17:00:30,77,17:20:29,249
22,18:00:30,77,18:20:29,249
22,19:00:30,77,19:20:29,249
22,20:00:30,77,20:20:29,249
22,09:30:30,77,09:50:29,249
22,10:30:30,77,10:50:29,249
22,11:30:30,77,11:50:29,249
22,12:30:30,77,12:50:29,249
22,13:30:30,77,13:50:29,249
22,14:30:30,77,14:50:29,249
22,15:30:30,77,15:50:29,249
22,16:30:30,77,16:50:29,249
22,17:30:30,77,17:50:29,249
22,18:30:30,77,18:50:29,249
22,19:30:30,77,19:50:29,249
22,20:40:30,77,21:00:29,249
22,21:25:30,77,21:40:29,249
22,22:25:30,77,22:40:29,249
22,22:40:30,249,22:52:29,38
22,05:42:30,249,06:06:29,77
22,06:45:30,249,07:09:29,77
22,07:30:30,249,07:54:29,77
22,08:30:30,249,08:54:29,77
22,09:20:30,249,09:44:29,77
22,10:20:30,249,10:44:29,77
22,11:20:30,249,11:44:29,77
22,12:20:30,249,12:44:29,77
22,13:20:30,249,13:44:29,77
22,14:20:30,249,14:44:29,77
22,15:20:30,249,15:44:29,77
22,16:20:30,249,16:44:29,77
22,17:20:30,249,17:44:29,77
22,18:20:30,249,18:44:29,77
22,19:20:30,249,19:44:29,77
22,20:20:30,249,20:44:29,77
22,09:50:30,249,10:14:29,77
22,10:50:30,249,11:14:29,77
22,11:50:30,249,12:14:29,77
22,12:50:30,249,13:14:29,77
22,13:50:30,249,14:14:29,77
22,14:50:30,249,15:14:29,77
22,15:50:30,249,16:14:29,77
22,16:50:30,249,17:14:29,77
22,17:50:30,249,18:14:29,77
22,18:50:30,249,19:14:29,77
22,19:50:30,249,20:14:29,77
22,21:00:30,249,21:24:29,77
22,21:40:30,249,21:59:29,77
26,06:30:30,138,06:54:29,320
26,07:30:30,138,07:54:29,320
26,09:45:30,138,10:09:29,320
26,10:45:30,138,11:09:29,320
26,11:45:30,138,12:09:29,320
26,12:45:30,138,13:09:29,320
26,13:45:30,138,14:09:29,320
26,14:45:30,138,15:09:29,320
26,15:45:30,138,16:09:29,320
26,16:45:30,138,17:09:29,320
26,17:45:30,138,18:09:29,320
26,18:45:30,138,19:09:29,320
26,19:45:30,138,20:09:29,320
26,20:45:30,138,21:09:29,320
26,21:45:30,138,22:09:29,320
26,07:00:30,320,07:19:29,138
26,08:15:30,320,08:34:29,138
26,10:15:30,320,10:34:29,138
26,11:15:30,320,11:34:29,138
26,12:15:30,320,12:34:29,138
26,13:15:30,320,13:34:29,138
26,14:15:30,320,14:34:29,138
26,15:15:30,320,15:34:29,138
26,16:15:30,320,16:34:29,138
26,17:15:30,320,17:34:29,138
26,18:15:30,320,18:34:29,138
26,19:15:30,320,19:34:29,138
26,20:15:30,320,20:34:29,138
26,21:15:30,320,21:34:29,138
26,22:15:30,320,22:35:29,138
29,14:05:30,63,14:20:29,586
29,05:05:30,82,05:20:29,586
29,21:05:30,82,21:20:29,586
29,05:42:30,82,05:57:29,586
29,06:05:30,82,06:20:29,586
29,15:08:30,586,15:20:29,782
29,16:45:30,586,17:00:29,325
29,17:45:30,586,18:00:29,325
29,14:20:30,586,14:40:29,787
29,05:20:30,586,05:45:29,1088
29,06:54:30,586,07:19:29,1088
29,13:20:30,586,13:45:29,1088
29,14:45:30,586,15:10:29,1088
29,15:45:30,586,16:10:29,1088
29,21:20:30,586,21:45:29,1088
29,22:10:30,586,22:45:29,1088
29,05:57:30,586,06:22:29,1088
29,07:17:30,586,07:42:29,1088
29,15:15:30,586,15:40:29,1088
29,16:15:30,586,16:40:29,1088
29,06:20:30,586,06:45:29,1088
29,14:40:30,787,15:08:29,586
29,14:25:30,1078,14:40:29,586
29,21:45:30,1088,22:00:29,23
29,06:10:30,1088,06:54:29,586
29,12:45:30,1088,13:20:29,586
29,14:10:30,1088,14:45:29,586
29,15:10:30,1088,15:45:29,586
29,16:10:30,1088,16:45:29,586
29,22:45:30,1088,23:05:29,586
29,06:42:30,1088,07:17:29,586
29,14:40:30,1088,15:15:29,586
29,15:40:30,1088,16:15:29,586
29,17:10:30,1088,17:45:29,586
73,04:42:30,220,04:56:29,1129
73,05:17:30,220,05:31:29,1129
73,05:48:30,220,06:02:29,1129
73,06:19:30,220,06:33:29,1129
73,06:50:30,220,07:04:29,1129
73,07:21:30,220,07:35:29,1129
73,07:52:30,220,08:06:29,1129
73,08:23:30,220,08:37:29,1129
73,08:54:30,220,09:08:29,1129
73,09:25:30,220,09:39:29,1129
73,09:56:30,220,10:10:29,1129
73,10:27:30,220,10:41:29,1129
73,10:58:30,220,11:12:29,1129
73,11:29:30,220,11:43:29,1129
73,12:00:30,220,12:14:29,1129
73,12:31:30,220,12:45:29,1129
73,13:02:30,220,13:16:29,1129
73,13:33:30,220,13:47:29,1129
73,14:04:30,220,14:18:29,1129
73,14:35:30,220,14:49:29,1129
73,15:06:30,220,15:20:29,1129
73,15:37:30,220,15:51:29,1129
73,16:08:30,220,16:22:29,1129
73,16:39:30,220,16:53:29,1129
73,17:10:30,220,17:24:29,1129
73,17:41:30,220,17:55:29,1129
73,18:12:30,220,18:26:29,1129
73,18:43:30,220,18:57:29,1129
73,19:14:30,220,19:28:29,1129
73,19:45:30,220,19:59:29,1129
73,20:16:30,220,20:30:29,1129
73,20:47:30,220,21:01:29,1129
73,21:18:30,220,21:32:29,1129
73,21:49:30,220,22:03:29,1129
73,22:20:30,220,22:34:29,1129
73,22:51:30,220,23:05:29,1129
73,23:22:30,220,23:36:29,1129
73,04:53:30,220,05:07:29,1129
73,05:28:30,220,05:42:29,1129
73,05:59:30,220,06:13:29,1129
73,06:30:30,220,06:44:29,1129
73,07:01:30,220,07:15:29,1129
73,07:32:30,220,07:46:29,1129
73,08:03:30,220,08:17:29,1129
73,08:34:30,220,08:48:29,1129
73,09:05:30,220,09:19:29,1129
73,09:36:30,220,09:50:29,1129
73,10:07:30,220,10:21:29,1129
73,10:38:30,220,10:52:29,1129
73,11:09:30,220,11:23:29,1129
73,11:40:30,220,11:54:29,1129
73,12:11:30,220,12:25:29,1129
73,12:42:30,220,12:56:29,1129
73,13:13:30,220,13:27:29,1129
73,13:44:30,220,13:58:29,1129
73,14:15:30,220,14:29:29,1129
73,14:46:30,220,15:00:29,1129
73,15:17:30,220,15:31:29,1129
73,15:48:30,220,16:02:29,1129
73,16:19:30,220,16:33:29,1129
73,16:50:30,220,17:04:29,1129
73,17:21:30,220,17:35:29,1129
73,17:52:30,220,18:06:29,1129
73,18:23:30,220,18:37:29,1129
73,18:54:30,220,19:08:29,1129
73,19:25:30,220,19:39:29,1129
73,19:56:30,220,20:10:29,1129
73,20:27:30,220,20:41:29,1129
73,20:58:30,220,21:12:29,1129
73,21:29:30,220,21:43:29,1129
73,22:00:30,220,22:14:29,1129
73,22:31:30,220,22:45:29,1129
73,23:02:30,220,23:16:29,1129
73,05:04:30,220,05:18:29,1129
73,05:35:30,220,05:49:29,1129
73,06:06:30,220,06:20:29,1129
73,06:37:30,220,06:51:29,1129
73,07:08:30,220,07:22:29,1129
73,07:39:30,220,07:53:29,1129
73,08:10:30,220,08:24:29,1129
73,08:41:30,220,08:55:29,1129
73,09:12:30,220,09:26:29,1129
73,09:43:30,220,09:57:29,1129
73,10:14:30,220,10:28:29,1129
73,10:45:30,220,10:59:29,1129
73,11:16:30,220,11:30:29,1129
73,11:47:30,220,12:01:29,1129
73,12:18:30,220,12:32:29,1129
73,12:49:30,220,13:03:29,1129
73,13:20:30,220,13:34:29,1129
73,13:51:30,220,14:05:29,1129
73,14:22:30,220,14:36:29,1129
73,14:53:30,220,15:07:29,1129
73,15:24:30,220,15:38:29,1129
73,15:55:30,220,16:09:29,1129
73,16:26:30,220,16:40:29,1129
73,16:57:30,220,17:11:29,1129
73,17:28:30,220,17:42:29,1129
73,17:59:30,220,18:13:29,1129
73,18:30:30,220,18:44:29,1129
73,19:01:30,220,19:15:29,1129
73,19:32:30,220,19:46:29,1129
73,20:03:30,220,20:17:29,1129
73,20:34:30,220,20:48:29,1129
73,21:05:30,220,21:19:29,1129
73,21:36:30,220,21:50:29,1129
73,22:07:30,220,22:21:29,1129
73,22:38:30,220,22:52:29,1129
73,23:09:30,220,23:23:29,1129
73,05:40:30,220,05:54:29,1129
73,06:11:30,220,06:25:29,1129
73,06:42:30,220,06:56:29,1129
73,07:13:30,220,07:27:29,1129
73,07:44:30,220,07:58:29,1129
73,12:54:30,220,13:08:29,1129
73,13:25:30,220,13:39:29,1129
73,13:56:30,220,14:10:29,1129
73,14:27:30,220,14:41:29,1129
73,14:58:30,220,15:12:29,1129
73,15:29:30,220,15:43:29,1129
73,16:00:30,220,16:14:29,1129
73,16:31:30,220,16:45:29,1129
73,17:02:30,220,17:16:29,1129
73,17:33:30,220,17:47:29,1129
73,18:04:30,220,18:18:29,1129
73,18:35:30,220,18:49:29,1129
73,19:06:30,220,19:20:29,1129
73,06:55:30,220,07:09:29,1129
73,07:26:30,220,07:40:29,1129
73,07:57:30,220,08:11:29,1129
73,12:05:30,220,12:19:29,1129
73,12:36:30,220,12:50:29,1129
73,13:07:30,220,13:21:29,1129
73,13:38:30,220,13:52:29,1129
73,14:09:30,220,14:23:29,1129
73,14:40:30,220,14:54:29,1129
73,15:11:30,220,15:25:29,1129
73,15:42:30,220,15:56:29,1129
73,16:13:30,220,16:27:29,1129
73,16:44:30,220,16:58:29,1129
73,04:56:30,1129,05:10:29,220
73,05:31:30,1129,05:45:29,220
73,06:02:30,1129,06:16:29,220
73,06:33:30,1129,06:47:29,220
73,07:04:30,1129,07:18:29,220
73,07:35:30,1129,07:49:29,220
73,08:06:30,1129,08:20:29,220
73,08:37:30,1129,08:51:29,220
73,09:08:30,1129,09:22:29,220
73,09:39:30,1129,09:53:29,220
73,10:10:30,1129,10:24:29,220
73,10:41:30,1129,10:55:29,220
73,11:12:30,1129,11:26:29,220
73,11:43:30,1129,11:57:29,220
73,12:14:30,1129,12:28:29,220
73,12:45:30,1129,12:59:29,220
73,13:16:30,1129,13:30:29,220
73,13:47:30,1129,14:01:29,220
73,14:18:30,1129,14:32:29,220
73,14:49:30,1129,15:03:29,220
73,15:20:30,1129,15:34:29,220
73,15:51:30,1129,16:05:29,220
73,16:22:30,1129,16:36:29,220
73,16:53:30,1129,17:07:29,220
73,17:14:30,1129,17:28:29,220
73,17:24:30,1129,17:38:29,220
73,17:55:30,1129,18:09:29,220
73,18:26:30,1129,18:40:29,220
73,18:57:30,1129,19:11:29,220
73,19:28:30,1129,19:42:29,220
73,19:59:30,1129,20:13:29,220
73,20:30:30,1129,20:44:29,220
73,21:01:30,1129,21:15:29,220
73,21:32:30,1129,21:46:29,220
73,22:03:30,1129,22:17:29,220
73,22:34:30,1129,22:48:29,220
73,23:05:30,1129,23:19:29,220
73,23:36:30,1129,23:50:29,220
73,05:07:30,1129,05:21:29,220
73,05:42:30,1129,05:56:29,220
73,06:13:30,1129,06:27:29,220
73,06:44:30,1129,06:58:29,220
73,07:15:30,1129,07:29:29,220
73,07:46:30,1129,08:00:29,220
73,08:17:30,1129,08:31:29,220
73,08:48:30,1129,09:02:29,220
73,09:19:30,1129,09:33:29,220
73,09:50:30,1129,10:04:29,220
73,10:21:30,1129,10:35:29,220
73,10:52:30,1129,11:06:29,220
73,11:23:30,1129,11:37:29,220
73,11:54:30,1129,12:08:29,220
73,12:25:30,1129,12:39:29,220
73,12:56:30,1129,13:10:29,220
73,13:27:30,1129,13:41:29,220
73,13:58:30,1129,14:12:29,220
73,14:29:30,1129,14:43:29,220
73,15:00:30,1129,15:14:29,220
73,15:31:30,1129,15:45:29,220
73,16:02:30,1129,16:16:29,220
73,16:33:30,1129,16:47:29,220
73,17:04:30,1129,17:18:29,220
73,17:35:30,1129,17:49:29,220
73,18:06:30,1129,18:20:29,220
73,18:37:30,1129,18:51:29,220
73,19:08:30,1129,19:22:29,220
73,19:39:30,1129,19:53:29,220
73,20:10:30,1129,20:24:29,220
73,20:41:30,1129,20:55:29,220
73,21:12:30,1129,21:26:29,220
73,21:43:30,1129,21:57:29,220
73,22:14:30,1129,22:28:29,220
73,22:45:30,1129,22:59:29,220
73,23:16:30,1129,23:30:29,220
73,05:18:30,1129,05:32:29,220
73,05:49:30,1129,06:03:29,220
73,06:20:30,1129,06:34:29,220
73,06:51:30,1129,07:05:29,220
73,07:22:30,1129,07:36:29,220
73,07:53:30,1129,08:07:29,220
73,08:24:30,1129,08:38:29,220
73,08:55:30,1129,09:09:29,220
73,09:26:30,1129,09:40:29,220
73,09:57:30,1129,10:11:29,220
73,10:28:30,1129,10:42:29,220
73,10:59:30,1129,11:13:29,220
73,11:30:30,1129,11:44:29,220
73,12:01:30,1129,12:15:29,220
73,12:32:30,1129,12:46:29,220
73,13:03:30,1129,13:17:29,220
73,13:34:30,1129,13:48:29,220
73,14:05:30,1129,14:19:29,220
73,14:36:30,1129,14:50:29,220
73,15:07:30,1129,15:21:29,220
73,15:38:30,1129,15:52:29,220
73,16:09:30,1129,16:23:29,220
73,16:40:30,1129,16:54:29,220
73,17:11:30,1129,17:25:29,220
73,17:42:30,1129,17:56:29,220
73,18:13:30,1129,18:27:29,220
73,18:44:30,1129,18:58:29,220
73,19:15:30,1129,19:29:29,220
73,19:46:30,1129,20:00:29,220
73,20:17:30,1129,20:31:29,220
73,20:48:30,1129,21:02:29,220
73,21:19:30,1129,21:33:29,220
73,21:50:30,1129,22:04:29,220
73,22:21:30,1129,22:35:29,220
73,22:52:30,1129,23:06:29,220
73,23:23:30,1129,23:37:29,220
73,05:54:30,1129,06:08:29,220
73,06:25:30,1129,06:39:29,220
73,06:56:30,1129,07:10:29,220
73,07:27:30,1129,07:41:29,220
73,07:58:30,1129,08:12:29,220
73,13:08:30,1129,13:22:29,220
73,13:39:30,1129,13:53:29,220
73,14:10:30,1129,14:24:29,220
73,14:41:30,1129,14:55:29,220
73,15:12:30,1129,15:26:29,220
73,15:43:30,1129,15:57:29,220
73,16:14:30,1129,16:28:29,220
73,16:45:30,1129,16:59:29,220
73,17:16:30,1129,17:30:29,220
73,17:47:30,1129,18:01:29,220
73,18:18:30,1129,18:32:29,220
73,18:49:30,1129,19:03:29,220
73,19:20:30,1129,19:34:29,220
73,07:09:30,1129,07:23:29,220
73,07:40:30,1129,07:54:29,220
73,08:11:30,1129,08:25:29,220
73,12:19:30,1129,12:33:29,220
73,12:50:30,1129,13:04:29,220
73,13:21:30,1129,13:35:29,220
73,13:52:30,1129,14:06:29,220
73,14:23:30,1129,14:37:29,220
73,14:54:30,1129,15:08:29,220
73,15:25:30,1129,15:39:29,220
73,15:56:30,1129,16:10:29,220
73,16:27:30,1129,16:41:29,220
73,16:58:30,1129,17:12:29,220
82,05:00:30,65,05:25:29,556
82,06:00:30,65,06:25:29,556
82,07:00:30,65,07:32:29,556
82,08:00:30,65,08:25:29,556
82,09:00:30,65,09:25:29,556
82,10:00:30,65,10:25:29,556
82,11:00:30,65,11:25:29,556
82,12:00:30,65,12:25:29,556
82,13:00:30,65,13:32:29,556
82,14:00:30,65,14:25:29,556
82,15:00:30,65,15:25:29,556
82,16:00:30,65,16:25:29,556
82,17:00:30,65,17:25:29,556
82,18:00:30,65,18:25:29,556
82,19:00:30,65,19:25:29,556
82,20:00:30,65,20:25:29,556
82,21:00:30,65,21:25:29,556
82,22:10:30,65,22:35:29,556
82,05:30:30,65,05:55:29,556
82,06:30:30,65,06:55:29,556
82,07:30:30,65,08:02:29,556
82,12:30:30,65,12:55:29,556
82,13:30:30,65,14:02:29,556
82,14:30:30,65,14:55:29,556
82,15:30:30,65,15:55:29,556
82,16:30:30,65,16:55:29,556
82,05:27:30,556,05:52:29,65
82,06:27:30,556,06:52:29,65
82,07:32:30,556,07:57:29,65
82,08:27:30,556,08:52:29,65
82,09:27:30,556,09:52:29,65
82,10:27:30,556,10:52:29,65
82,11:27:30,556,11:52:29,65
82,12:27:30,556,12:52:29,65
82,13:32:30,556,13:57:29,65
82,14:27:30,556,14:52:29,65
82,15:27:30,556,15:52:29,65
82,16:27:30,556,16:52:29,65
82,17:27:30,556,17:52:29,65
82,18:27:30,556,18:52:29,65
82,19:27:30,556,19:52:29,65
82,20:27:30,556,20:52:29,65
82,21:27:30,556,21:52:29,65
82,05:00:30,556,05:25:29,65
82,05:57:30,556,06:22:29,65
82,06:57:30,556,07:22:29,65
82,08:02:30,556,08:27:29,65
82,12:57:30,556,13:22:29,65
82,14:02:30,556,14:27:29,65
82,14:57:30,556,15:22:29,65
82,15:57:30,556,16:22:29,65
82,16:57:30,556,17:22:29,65
83,05:00:30,139,05:27:29,557
83,05:58:30,139,06:25:29,557
83,07:00:30,139,07:27:29,557
83,08:00:30,139,08:27:29,557
83,09:00:30,139,09:27:29,557
83,10:00:30,139,10:27:29,557
83,11:00:30,139,11:27:29,557
83,12:00:30,139,12:27:29,557
83,13:00:30,139,13:27:29,557
83,14:00:30,139,14:27:29,557
83,15:00:30,139,15:27:29,557
83,16:00:30,139,16:27:29,557
83,17:00:30,139,17:27:29,557
83,18:00:30,139,18:27:29,557
83,19:00:30,139,19:27:29,557
83,20:00:30,139,20:27:29,557
83,21:00:30,139,21:27:29,557
83,22:10:30,139,22:37:29,557
83,05:12:30,139,05:39:29,557
83,06:11:30,139,06:38:29,557
83,07:12:30,139,07:39:29,557
83,12:12:30,139,12:39:29,557
83,13:12:30,139,13:39:29,557
83,14:12:30,139,14:39:29,557
83,15:12:30,139,15:39:29,557
83,05:24:30,139,05:51:29,557
83,06:24:30,139,06:51:29,557
83,07:24:30,139,07:51:29,557
83,08:30:30,139,08:57:29,557
83,09:30:30,139,09:57:29,557
83,10:30:30,139,10:57:29,557
83,11:30:30,139,11:57:29,557
83,12:24:30,139,12:51:29,557
83,13:24:30,139,13:51:29,557
83,14:24:30,139,14:51:29,557
83,15:25:30,139,15:52:29,557
83,16:20:30,139,16:47:29,557
83,17:30:30,139,17:57:29,557
83,18:30:30,139,18:57:29,557
83,19:30:30,139,19:57:29,557
83,20:30:30,139,20:57:29,557
83,21:30:30,139,21:57:29,557
83,05:36:30,139,06:03:29,557
83,06:36:30,139,07:03:29,557
83,07:36:30,139,08:03:29,557
83,12:36:30,139,13:03:29,557
83,13:36:30,139,14:03:29,557
83,14:36:30,139,15:03:29,557
83,15:36:30,139,16:03:29,557
83,16:40:30,139,17:07:29,557
83,05:48:30,139,06:15:29,557
83,06:48:30,139,07:15:29,557
83,07:48:30,139,08:15:29,557
83,12:48:30,139,13:15:29,557
83,13:48:30,139,14:15:29,557
83,14:48:30,139,15:15:29,557
83,15:48:30,139,16:15:29,557
83,05:30:30,557,05:53:29,139
83,06:26:30,557,06:49:29,139
83,07:30:30,557,07:53:29,139
83,08:30:30,557,08:53:29,139
83,09:30:30,557,09:53:29,139
83,10:30:30,557,10:53:29,139
83,11:30:30,557,11:53:29,139
83,12:30:30,557,12:53:29,139
83,13:30:30,557,13:53:29,139
83,14:30:30,557,14:53:29,139
83,15:30:30,557,15:53:29,139
83,16:30:30,557,16:53:29,139
83,17:28:30,557,17:51:29,139
83,18:28:30,557,18:51:29,139
83,19:28:30,557,19:51:29,139
83,20:28:30,557,20:51:29,139
83,21:28:30,557,21:51:29,139
83,22:38:30,557,23:01:29,139
83,05:42:30,557,06:05:29,139
83,06:40:30,557,07:03:29,139
83,07:42:30,557,08:05:29,139
83,12:42:30,557,13:05:29,139
83,13:42:30,557,14:05:29,139
83,14:42:30,557,15:05:29,139
83,15:42:30,557,16:05:29,139
83,05:54:30,557,06:17:29,139
83,06:54:30,557,07:17:29,139
83,07:54:30,557,08:17:29,139
83,09:00:30,557,09:23:29,139
83,10:00:30,557,10:23:29,139
83,11:00:30,557,11:23:29,139
83,12:00:30,557,12:23:29,139
83,12:54:30,557,13:17:29,139
83,13:54:30,557,14:17:29,139
83,14:53:30,557,15:16:29,139
83,15:54:30,557,16:17:29,139
83,16:50:30,557,17:13:29,139
83,17:58:30,557,18:21:29,139
83,18:58:30,557,19:21:29,139
83,19:58:30,557,20:21:29,139
83,20:58:30,557,21:21:29,139
83,22:18:30,557,22:41:29,139
83,05:02:30,557,05:25:29,139
83,06:06:30,557,06:29:29,139
83,07:06:30,557,07:29:29,139
83,08:06:30,557,08:29:29,139
83,13:06:30,557,13:29:29,139
83,14:06:30,557,14:29:29,139
83,15:05:30,557,15:28:29,139
83,16:06:30,557,16:29:29,139
83,17:10:30,557,17:33:29,139
83,05:15:30,557,05:38:29,139
83,06:16:30,557,06:39:29,139
83,07:18:30,557,07:41:29,139
83,08:18:30,557,08:41:29,139
83,13:18:30,557,13:41:29,139
83,14:18:30,557,14:41:29,139
83,15:18:30,557,15:41:29,139
83,16:18:30,557,16:41:29,139
85,05:20:30,3,05:33:29,386
85,06:00:30,322,06:16:29,386
85,07:07:30,322,07:23:29,386
85,08:30:30,322,08:46:29,386
85,11:00:30,322,11:16:29,386
85,13:25:30,322,13:41:29,386
85,14:55:30,322,15:11:29,386
85,16:25:30,322,16:41:29,386
85,18:55:30,322,19:11:29,386
85,21:25:30,322,21:41:29,386
85,22:30:30,322,22:46:29,386
85,05:33:30,386,05:51:29,322
85,06:16:30,386,06:34:29,322
85,07:23:30,386,07:41:29,322
85,08:46:30,386,09:04:29,322
85,11:16:30,386,11:34:29,322
85,13:41:30,386,13:59:29,322
85,15:11:30,386,15:29:29,322
85,16:41:30,386,16:59:29,322
85,19:11:30,386,19:29:29,322
85,21:41:30,386,21:59:29,322
85,22:46:30,386,23:00:29,44
86,07:50:30,322,08:08:29,386
86,10:15:30,322,10:33:29,386
86,12:45:30,322,13:03:29,386
86,14:10:30,322,14:28:29,386
86,15:40:30,322,15:58:29,386
86,17:10:30,322,17:28:29,386
86,19:40:30,322,19:58:29,386
86,08:08:30,565,08:24:29,322
86,10:33:30,565,10:49:29,322
86,13:03:30,565,13:19:29,322
86,14:28:30,565,14:44:29,322
86,15:58:30,565,16:14:29,322
86,17:28:30,565,17:44:29,322
86,19:58:30,565,20:14:29,322
87,04:47:30,220,04:59:29,617
87,05:45:30,220,05:57:29,617
87,06:30:30,220,06:42:29,617
87,07:02:30,220,07:14:29,617
87,07:40:30,220,07:52:29,617
87,08:45:30,220,08:57:29,617
87,09:15:30,220,09:27:29,617
87,09:45:30,220,09:57:29,617
87,10:15:30,220,10:27:29,617
87,10:45:30,220,10:57:29,617
87,11:15:30,220,11:27:29,617
87,11:45:30,220,11:57:29,617
87,12:10:30,220,12:32:29,617
87,12:50:30,220,13:02:29,617
87,13:30:30,220,13:42:29,617
87,14:10:30,220,14:27:29,617
87,14:50:30,220,15:02:29,617
87,15:30:30,220,15:42:29,617
87,16:15:30,220,16:27:29,617
87,17:15:30,220,17:27:29,617
87,17:45:30,220,17:57:29,617
87,18:15:30,220,18:27:29,617
87,18:45:30,220,18:57:29,617
87,19:15:30,220,19:27:29,617
87,19:45:30,220,19:57:29,617
87,20:15:30,220,20:32:29,617
87,05:15:30,220,05:27:29,617
87,06:10:30,220,06:22:29,617
87,06:50:30,220,07:02:29,617
87,08:15:30,220,08:27:29,617
87,12:30:30,220,12:47:29,617
87,13:10:30,220,13:22:29,617
87,13:50:30,220,14:02:29,617
87,14:30:30,220,14:42:29,617
87,15:10:30,220,15:27:29,617
87,15:50:30,220,16:07:29,617
87,16:45:30,220,17:02:29,617
87,05:00:30,617,05:19:29,220
87,06:00:30,617,06:19:29,220
87,06:42:30,617,07:01:29,220
87,07:15:30,617,07:34:29,220
87,08:00:30,617,08:12:29,220
87,09:00:30,617,09:12:29,220
87,09:30:30,617,09:42:29,220
87,10:00:30,617,10:12:29,220
87,10:30:30,617,10:42:29,220
87,11:00:30,617,11:12:29,220
87,11:30:30,617,11:42:29,220
87,11:57:30,617,12:09:29,220
87,12:35:30,617,12:50:29,220
87,13:07:30,617,13:19:29,220
87,13:45:30,617,13:57:29,220
87,14:27:30,617,14:39:29,220
87,15:05:30,617,15:17:29,220
87,15:45:30,617,15:57:29,220
87,16:30:30,617,16:42:29,220
87,17:30:30,617,17:42:29,220
87,18:00:30,617,18:12:29,220
87,18:30:30,617,18:42:29,220
87,19:00:30,617,19:12:29,220
87,19:30:30,617,19:42:29,220
87,20:00:30,617,20:12:29,220
87,20:35:30,617,20:47:29,220
87,05:30:30,617,05:49:29,220
87,06:25:30,617,06:44:29,220
87,07:33:30,617,08:00:29,220
87,08:30:30,617,08:42:29,220
87,12:50:30,617,13:02:29,220
87,13:25:30,617,13:37:29,220
87,14:05:30,617,14:20:29,220
87,14:45:30,617,14:57:29,220
87,15:30:30,617,15:42:29,220
87,16:10:30,617,16:22:29,220
87,17:02:30,617,17:14:29,220
88,04:20:30,220,04:46:29,625
88,05:20:30,220,05:46:29,625
88,06:30:30,220,06:56:29,625
88,12:30:30,220,12:56:29,625
88,14:30:30,220,14:56:29,625
88,16:30:30,220,16:56:29,625
88,20:25:30,220,20:51:29,625
88,22:45:30,220,23:10:29,625
88,04:50:30,625,05:16:29,220
88,05:50:30,625,06:16:29,220
88,07:00:30,625,07:26:29,220
88,13:00:30,625,13:26:29,220
88,15:00:30,625,15:26:29,220
88,17:00:30,625,17:26:29,220
88,20:55:30,625,21:19:29,220
88,23:10:30,625,23:36:29,220
89,06:35:30,586,06:57:29,591
89,08:30:30,586,08:52:29,591
89,11:00:30,586,11:22:29,591
89,13:55:30,586,14:17:29,591
89,22:10:30,586,22:32:29,591
89,07:00:30,591,07:29:29,586
89,09:00:30,591,09:29:29,586
89,11:25:30,591,11:54:29,586
89,14:40:30,591,15:09:29,29
89,22:35:30,591,22:59:29,29
90,04:00:30,586,04:29:29,604
90,05:15:30,586,05:51:29,604
90,09:30:30,586,10:06:29,604
90,12:30:30,586,13:06:29,604
90,15:40:30,586,16:16:29,604
90,17:30:30,586,18:06:29,604
90,19:00:30,586,19:36:29,604
90,20:30:30,586,21:06:29,604
90,05:50:30,586,06:26:29,604
90,07:24:30,586,08:00:29,604
90,14:35:30,586,15:11:29,604
90,16:30:30,586,17:06:29,604
90,04:30:30,604,05:13:29,586
90,05:51:30,604,06:34:29,586
90,10:10:30,604,10:53:29,586
90,13:10:30,604,13:53:29,586
90,16:20:30,604,17:03:29,586
90,18:16:30,604,18:59:29,586
90,19:46:30,604,20:29:29,586
90,21:10:30,604,21:53:29,586
90,06:30:30,604,07:13:29,586
90,15:20:30,604,16:03:29,586
90,08:00:30,604,08:38:29,29
90,17:20:30,604,17:58:29,29
91,04:45:30,220,04:57:29,632
91,05:30:30,220,05:42:29,632
91,06:00:30,220,06:12:29,632
91,06:40:30,220,06:52:29,632
91,07:20:30,220,07:32:29,632
91,08:00:30,220,08:12:29,632
91,09:00:30,220,09:12:29,632
91,10:00:30,220,10:12:29,632
91,11:00:30,220,11:12:29,632
91,12:00:30,220,12:12:29,632
91,12:40:30,220,12:52:29,632
91,13:20:30,220,13:32:29,632
91,14:00:30,220,14:12:29,632
91,14:40:30,220,14:52:29,632
91,15:20:30,220,15:32:29,632
91,16:00:30,220,16:12:29,632
91,17:00:30,220,17:12:29,632
91,18:00:30,220,18:12:29,632
91,19:00:30,220,19:12:29,632
91,20:00:30,220,20:12:29,632
91,20:40:30,220,20:52:29,632
91,21:20:30,220,21:32:29,632
91,22:10:30,220,22:22:29,632
91,06:20:30,220,06:32:29,632
91,07:00:30,220,07:12:29,632
91,07:40:30,220,07:52:29,632
91,08:30:30,220,08:42:29,632
91,09:30:30,220,09:42:29,632
91,10:30:30,220,10:42:29,632
91,11:30:30,220,11:42:29,632
91,12:20:30,220,12:32:29,632
91,13:00:30,220,13:12:29,632
91,13:40:30,220,13:52:29,632
91,14:20:30,220,14:32:29,632
91,15:00:30,220,15:12:29,632
91,15:40:30,220,15:52:29,632
91,16:30:30,220,16:42:29,632
91,17:30:30,220,17:42:29,632
91,18:30:30,220,18:42:29,632
91,19:30:30,220,19:42:29,632
91,04:57:30,632,05:12:29,220
91,05:42:30,632,05:57:29,220
91,06:12:30,632,06:27:29,220
91,06:52:30,632,07:07:29,220
91,07:32:30,632,07:47:29,220
91,08:12:30,632,08:27:29,220
91,09:12:30,632,09:27:29,220
91,10:12:30,632,10:27:29,220
91,11:12:30,632,11:27:29,220
91,12:12:30,632,12:27:29,220
91,12:52:30,632,13:07:29,220
91,13:32:30,632,13:47:29,220
91,14:12:30,632,14:27:29,220
91,14:52:30,632,15:07:29,220
91,15:32:30,632,15:47:29,220
91,16:12:30,632,16:27:29,220
91,17:12:30,632,17:27:29,220
91,18:12:30,632,18:27:29,220
91,19:12:30,632,19:27:29,220
91,20:12:30,632,20:27:29,220
91,20:52:30,632,21:16:29,220
91,21:32:30,632,21:56:29,220
91,22:22:30,632,22:53:29,220
91,06:32:30,632,06:47:29,220
91,07:12:30,632,07:27:29,220
91,07:52:30,632,08:07:29,220
91,08:42:30,632,08:57:29,220
91,09:42:30,632,09:57:29,220
91,10:42:30,632,10:57:29,220
91,11:42:30,632,11:57:29,220
91,12:32:30,632,12:47:29,220
91,13:12:30,632,13:27:29,220
91,13:52:30,632,14:07:29,220
91,14:32:30,632,14:47:29,220
91,15:15:30,632,15:27:29,220
91,15:52:30,632,16:07:29,220
91,16:42:30,632,16:57:29,220
91,17:42:30,632,17:57:29,220
91,18:42:30,632,18:57:29,220
91,19:42:30,632,19:57:29,220
92,05:45:30,220,06:00:29,648
92,06:45:30,220,07:00:29,648
92,12:30:30,220,12:45:29,648
92,15:00:30,220,15:15:29,648
92,16:10:30,220,16:25:29,648
92,17:00:30,220,17:15:29,648
92,20:30:30,220,20:45:29,648
92,04:50:30,648,05:05:29,220
92,06:00:30,648,06:15:29,220
92,07:00:30,648,07:15:29,220
92,12:50:30,648,13:05:29,220
92,15:30:30,648,15:45:29,220
92,16:30:30,648,16:45:29,220
92,17:15:30,648,17:30:29,220
92,21:00:30,648,21:15:29,220
93,04:25:30,220,04:50:29,641
93,05:30:30,220,05:55:29,641
93,06:30:30,220,06:55:29,641
93,07:30:30,220,07:55:29,641
93,12:30:30,220,12:55:29,641
93,14:10:30,220,14:35:29,641
93,15:00:30,220,15:25:29,641
93,16:00:30,220,16:25:29,641
93,17:30:30,220,17:55:29,641
93,20:00:30,220,20:25:29,641
93,22:45:30,220,23:10:29,641
93,04:50:30,641,05:09:29,220
93,06:00:30,641,06:19:29,220
93,07:00:30,641,07:19:29,220
93,08:00:30,641,08:19:29,220
93,13:00:30,641,13:19:29,220
93,14:35:30,641,14:54:29,220
93,15:30:30,641,15:49:29,220
93,16:30:30,641,16:49:29,220
93,18:00:30,641,18:19:29,220
93,20:30:30,641,20:49:29,220
93,23:10:30,641,23:29:29,220
103,06:02:30,244,06:26:29,686
103,06:59:30,244,07:26:29,686
103,07:48:30,244,08:15:29,686
103,09:02:30,244,09:26:29,686
103,10:02:30,244,10:26:29,686
103,11:02:30,244,11:26:29,686
103,12:02:30,244,12:29:29,686
103,12:52:30,244,13:19:29,686
103,13:52:30,244,14:19:29,686
103,14:55:30,244,15:22:29,686
103,15:57:30,244,16:24:29,686
103,17:19:30,244,17:43:29,686
103,18:07:30,244,18:31:29,686
103,22:22:30,244,22:46:29,686
103,05:09:30,244,05:33:29,686
103,06:22:30,244,06:49:29,686
103,07:17:30,244,07:44:29,686
103,08:08:30,244,08:35:29,686
103,13:02:30,244,13:29:29,686
103,14:02:30,244,14:29:29,686
103,15:05:30,244,15:32:29,686
103,16:07:30,244,16:34:29,686
103,17:07:30,244,17:31:29,686
103,05:19:30,244,05:43:29,686
103,06:10:30,244,06:34:29,686
103,07:27:30,244,07:54:29,686
103,08:18:30,244,08:42:29,686
103,13:09:30,244,13:36:29,686
103,14:24:30,244,14:51:29,686
103,15:29:30,244,15:56:29,686
103,16:46:30,244,17:10:29,686
103,17:44:30,244,18:08:29,686
103,05:30:30,244,05:54:29,686
103,06:43:30,244,07:10:29,686
103,07:58:30,244,08:25:29,686
103,12:42:30,244,13:09:29,686
103,13:42:30,244,14:09:29,686
103,14:34:30,244,15:01:29,686
103,15:49:30,244,16:16:29,686
103,16:56:30,244,17:20:29,686
103,05:42:30,244,06:06:29,686
103,06:33:30,244,07:00:29,686
103,07:37:30,244,08:04:29,686
103,08:42:30,244,09:06:29,686
103,09:42:30,244,10:06:29,686
103,10:42:30,244,11:06:29,686
103,11:42:30,244,12:06:29,686
103,12:32:30,244,12:59:29,686
103,13:30:30,244,13:57:29,686
103,14:45:30,244,15:12:29,686
103,15:43:30,244,16:10:29,686
103,16:34:30,244,16:58:29,686
103,17:52:30,244,18:16:29,686
103,18:52:30,244,19:16:29,686
103,19:52:30,244,20:16:29,686
103,20:52:30,244,21:16:29,686
103,21:52:30,244,22:16:29,686
103,05:00:30,244,05:24:29,686
103,05:52:30,244,06:16:29,686
103,07:09:30,244,07:36:29,686
103,08:29:30,244,08:53:29,686
103,09:22:30,244,09:46:29,686
103,10:22:30,244,10:46:29,686
103,11:22:30,244,11:46:29,686
103,12:22:30,244,12:49:29,686
103,13:22:30,244,13:49:29,686
103,14:13:30,244,14:40:29,686
103,15:06:30,244,15:33:29,686
103,16:21:30,244,16:48:29,686
103,17:28:30,244,17:52:29,686
103,18:32:30,244,18:56:29,686
103,19:22:30,244,19:46:29,686
103,20:22:30,244,20:46:29,686
103,21:12:30,244,21:36:29,686
103,22:52:30,244,23:16:29,686
103,05:43:30,684,06:02:29,244
103,05:00:30,684,05:19:29,244
103,05:11:30,684,05:30:29,244
103,05:23:30,684,05:42:29,244
103,06:30:30,686,06:59:29,244
103,07:26:30,686,07:48:29,244
103,08:40:30,686,09:02:29,244
103,09:40:30,686,10:02:29,244
103,10:40:30,686,11:02:29,244
103,11:40:30,686,12:02:29,244
103,12:30:30,686,12:52:29,244
103,13:30:30,686,13:52:29,244
103,14:33:30,686,14:55:29,244
103,15:28:30,686,15:57:29,244
103,16:57:30,686,17:19:29,244
103,17:45:30,686,18:07:29,244
103,22:00:30,686,22:22:29,244
103,06:00:30,686,06:22:29,244
103,06:55:30,686,07:17:29,244
103,07:46:30,686,08:08:29,244
103,12:40:30,686,13:02:29,244
103,13:40:30,686,14:02:29,244
103,14:43:30,686,15:05:29,244
103,15:45:30,686,16:07:29,244
103,16:45:30,686,17:07:29,244
103,05:48:30,686,06:10:29,244
103,07:05:30,686,07:27:29,244
103,07:56:30,686,08:18:29,244
103,12:47:30,686,13:09:29,244
103,14:02:30,686,14:24:29,244
103,15:07:30,686,15:29:29,244
103,16:24:30,686,16:46:29,244
103,17:15:30,686,17:44:29,244
103,06:21:30,686,06:43:29,244
103,07:36:30,686,07:58:29,244
103,12:20:30,686,12:42:29,244
103,13:20:30,686,13:42:29,244
103,14:12:30,686,14:34:29,244
103,15:27:30,686,15:49:29,244
103,16:34:30,686,16:56:29,244
103,06:11:30,686,06:33:29,244
103,07:15:30,686,07:37:29,244
103,08:20:30,686,08:42:29,244
103,09:20:30,686,09:42:29,244
103,10:20:30,686,10:42:29,244
103,11:20:30,686,11:42:29,244
103,12:10:30,686,12:32:29,244
103,13:08:30,686,13:30:29,244
103,14:23:30,686,14:45:29,244
103,15:14:30,686,15:43:29,244
103,16:12:30,686,16:34:29,244
103,17:30:30,686,17:52:29,244
103,18:30:30,686,18:52:29,244
103,19:30:30,686,19:52:29,244
103,20:30:30,686,20:52:29,244
103,21:30:30,686,21:52:29,244
103,05:30:30,686,05:52:29,244
103,06:40:30,686,07:09:29,244
103,08:07:30,686,08:29:29,244
103,09:00:30,686,09:22:29,244
103,10:00:30,686,10:22:29,244
103,11:00:30,686,11:22:29,244
103,12:00:30,686,12:22:29,244
103,13:00:30,686,13:22:29,244
103,13:51:30,686,14:13:29,244
103,14:44:30,686,15:06:29,244
103,15:59:30,686,16:21:29,244
103,17:06:30,686,17:28:29,244
103,18:10:30,686,18:32:29,244
103,19:00:30,686,19:22:29,244
103,20:00:30,686,20:22:29,244
103,20:50:30,686,21:12:29,244
103,22:30:30,686,22:52:29,244
103,08:15:30,686,08:27:29,1078
103,16:24:30,686,16:36:29,1078
103,05:33:30,686,05:45:29,1078
103,06:34:30,686,06:46:29,1078
103,13:36:30,686,13:48:29,1078
103,15:56:30,686,16:09:29,1078
103,05:54:30,686,06:06:29,1078
103,07:10:30,686,07:22:29,1078
103,15:01:30,686,15:13:29,1078
103,13:57:30,686,14:09:29,1078
103,16:58:30,686,17:11:29,1078
103,06:16:30,686,06:28:29,1078
103,07:36:30,686,07:48:29,1078
103,15:33:30,686,15:45:29,1078
103,21:36:30,686,21:49:29,1078
103,08:28:30,1078,08:40:29,686
103,16:45:30,1078,16:57:29,686
103,05:48:30,1078,06:00:29,686
103,06:51:30,1078,07:03:29,686
103,13:50:30,1078,14:02:29,686
103,16:12:30,1078,16:24:29,686
103,06:09:30,1078,06:21:29,686
103,07:24:30,1078,07:36:29,686
103,15:15:30,1078,15:27:29,686
103,14:11:30,1078,14:23:29,686
103,17:18:30,1078,17:30:29,686
103,06:28:30,1078,06:40:29,686
103,07:55:30,1078,08:07:29,686
103,15:45:30,1078,15:59:29,686
103,22:18:30,1078,22:30:29,686
109,09:10:30,322,09:34:29,684
109,11:45:30,322,12:09:29,684
109,17:55:30,322,18:19:29,684
109,20:20:30,322,20:44:29,684
109,06:50:30,322,07:14:29,684
109,13:10:30,322,13:34:29,684
109,14:15:30,322,14:39:29,684
109,15:20:30,322,15:44:29,684
109,21:20:30,322,21:44:29,684
109,22:30:30,322,22:54:29,684
109,09:34:30,684,10:01:29,322
109,12:09:30,684,12:36:29,322
109,18:19:30,684,18:46:29,322
109,20:44:30,684,21:11:29,322
109,05:30:30,684,05:57:29,322
109,07:14:30,684,07:41:29,322
109,13:34:30,684,14:01:29,322
109,14:39:30,684,15:06:29,322
109,15:44:30,684,16:11:29,322
109,21:44:30,684,22:11:29,322
110,08:00:30,77,08:22:29,291
110,09:05:30,77,09:27:29,291
110,10:15:30,77,10:37:29,291
110,11:15:30,77,11:37:29,291
110,12:15:30,77,12:37:29,291
110,13:15:30,77,13:37:29,291
110,14:15:30,77,14:37:29,291
110,15:15:30,77,15:37:29,291
110,16:15:30,77,16:37:29,291
110,17:15:30,77,17:37:29,291
110,18:15:30,77,18:37:29,291
110,19:15:30,77,19:37:29,291
110,20:15:30,77,20:37:29,291
110,21:25:30,77,21:47:29,291
110,09:45:30,77,10:07:29,291
110,10:45:30,77,11:07:29,291
110,11:45:30,77,12:07:29,291
110,12:45:30,77,13:07:29,291
110,13:45:30,77,14:07:29,291
110,14:45:30,77,15:07:29,291
110,15:45:30,77,16:07:29,291
110,16:45:30,77,17:07:29,291
110,17:45:30,77,18:07:29,291
110,18:45:30,77,19:07:29,291
110,19:45:30,77,20:07:29,291
110,22:23:30,77,22:36:29,351
110,20:45:30,77,21:03:29,351
110,07:30:30,291,07:54:29,77
110,08:22:30,291,08:46:29,77
110,09:27:30,291,09:51:29,77
110,10:37:30,291,11:01:29,77
110,11:37:30,291,12:01:29,77
110,12:37:30,291,13:01:29,77
110,13:37:30,291,14:01:29,77
110,14:37:30,291,15:01:29,77
110,15:37:30,291,16:01:29,77
110,16:37:30,291,17:01:29,77
110,17:37:30,291,18:01:29,77
110,18:37:30,291,19:01:29,77
110,19:37:30,291,20:01:29,77
110,20:37:30,291,21:01:29,77
110,21:47:30,291,22:06:29,77
110,10:07:30,291,10:31:29,77
110,11:07:30,291,11:31:29,77
110,12:07:30,291,12:31:29,77
110,13:07:30,291,13:31:29,77
110,14:07:30,291,14:31:29,77
110,15:07:30,291,15:31:29,77
110,16:07:30,291,16:31:29,77
110,17:07:30,291,17:31:29,77
110,18:07:30,291,18:31:29,77
110,19:07:30,291,19:31:29,77
110,20:07:30,291,20:31:29,77
114,15:00:30,23,16:00:29,23
115,15:00:30,23,16:00:29,23
123,06:02:30,380,06:16:29,717
123,07:11:30,380,07:25:29,717
123,07:50:30,380,08:04:29,717
123,14:40:30,380,14:54:29,717
123,15:20:30,380,15:34:29,717
123,16:00:30,380,16:14:29,717
123,16:40:30,380,16:54:29,717
123,21:30:30,380,21:44:29,717
123,06:53:30,380,07:07:29,717
123,07:30:30,380,07:44:29,717
123,15:05:30,380,15:19:29,717
123,15:40:30,380,15:54:29,717
123,16:20:30,380,16:34:29,717
123,05:27:30,380,05:46:29,721
123,06:38:30,380,06:55:29,721
123,13:27:30,380,13:46:29,721
123,14:03:30,380,14:22:29,721
123,22:00:30,380,22:17:29,721
123,05:42:30,380,06:01:29,721
123,06:17:30,380,06:36:29,721
123,08:15:30,380,08:34:29,721
123,13:45:30,380,14:02:29,721
123,14:26:30,380,14:43:29,721
123,17:20:30,380,17:37:29,721
123,21:46:30,380,22:03:29,721
123,08:10:30,718,08:21:29,29
123,06:20:30,718,06:33:29,380
123,07:33:30,718,07:46:29,380
123,15:01:30,718,15:14:29,380
123,15:40:30,718,15:53:29,380
123,16:14:30,718,16:27:29,380
123,17:07:30,718,17:18:29,380
123,21:45:30,718,21:58:29,380
123,07:15:30,718,07:28:29,380
123,07:51:30,718,08:04:29,380
123,15:20:30,718,15:33:29,380
123,16:03:30,718,16:16:29,380
123,16:35:30,718,16:48:29,380
123,22:19:30,721,22:33:29,29
123,08:34:30,721,08:48:29,29
123,17:39:30,721,17:53:29,29
123,22:10:30,721,22:24:29,29
123,05:46:30,721,06:02:29,380
123,06:55:30,721,07:11:29,380
123,13:46:30,721,14:02:29,380
123,14:22:30,721,14:38:29,380
123,06:01:30,721,06:17:29,380
123,06:36:30,721,06:52:29,380
123,14:10:30,721,14:26:29,380
123,14:45:30,721,15:01:29,380
127,05:20:30,145,05:35:29,291
127,06:20:30,145,06:35:29,291
127,07:00:30,145,07:15:29,291
127,07:35:30,145,07:50:29,291
127,08:10:30,145,08:25:29,291
127,08:50:30,145,09:05:29,291
127,09:30:30,145,09:45:29,291
127,10:10:30,145,10:25:29,291
127,10:50:30,145,11:05:29,291
127,11:30:30,145,11:45:29,291
127,12:01:30,145,12:16:29,291
127,12:40:30,145,12:55:29,291
127,13:20:30,145,13:35:29,291
127,14:00:30,145,14:15:29,291
127,14:40:30,145,14:55:29,291
127,15:20:30,145,15:35:29,291
127,16:00:30,145,16:15:29,291
127,16:40:30,145,16:55:29,291
127,17:20:30,145,17:35:29,291
127,18:00:30,145,18:15:29,291
127,18:40:30,145,18:55:29,291
127,19:20:30,145,19:35:29,291
127,20:00:30,145,20:15:29,291
127,20:40:30,145,20:55:29,291
127,21:20:30,145,21:35:29,291
127,22:00:30,145,22:15:29,291
127,22:31:30,145,22:46:29,291
127,05:00:30,145,05:15:29,291
127,06:00:30,145,06:15:29,291
127,06:40:30,145,06:55:29,291
127,07:55:30,145,08:10:29,291
127,12:20:30,145,12:35:29,291
127,13:00:30,145,13:15:29,291
127,13:40:30,145,13:55:29,291
127,14:20:30,145,14:35:29,291
127,15:40:30,145,15:55:29,291
127,16:20:30,145,16:35:29,291
127,05:00:30,291,05:16:29,145
127,05:45:30,291,06:01:29,145
127,06:35:30,291,06:51:29,145
127,07:15:30,291,07:31:29,145
127,07:50:30,291,08:06:29,145
127,08:25:30,291,08:41:29,145
127,09:05:30,291,09:21:29,145
127,09:45:30,291,10:01:29,145
127,10:25:30,291,10:41:29,145
127,11:05:30,291,11:21:29,145
127,11:45:30,291,12:01:29,145
127,12:16:30,291,12:32:29,145
127,12:55:30,291,13:11:29,145
127,13:35:30,291,13:51:29,145
127,14:15:30,291,14:31:29,145
127,14:55:30,291,15:11:29,145
127,15:35:30,291,15:51:29,145
127,16:15:30,291,16:31:29,145
127,16:55:30,291,17:11:29,145
127,17:35:30,291,17:51:29,145
127,18:15:30,291,18:31:29,145
127,18:55:30,291,19:11:29,145
127,19:35:30,291,19:51:29,145
127,20:15:30,291,20:31:29,145
127,20:55:30,291,21:11:29,145
127,21:35:30,291,21:51:29,145
127,22:15:30,291,22:31:29,145
127,05:15:30,291,05:31:29,145
127,06:15:30,291,06:31:29,145
127,07:35:30,291,07:51:29,145
127,12:00:30,291,12:16:29,145
127,12:35:30,291,12:51:29,145
127,13:15:30,291,13:31:29,145
127,13:55:30,291,14:11:29,145
127,15:15:30,291,15:31:29,145
127,15:55:30,291,16:11:29,145
127,06:55:30,291,07:16:29,537
127,14:35:30,291,14:56:29,537
127,07:16:30,537,07:35:29,291
127,14:56:30,537,15:15:29,291
128,06:31:30,57,06:33:29,291
128,09:26:30,57,09:28:29,291
128,16:26:30,57,16:28:29,291
128,18:26:30,57,18:28:29,291
128,20:26:30,57,20:28:29,291
128,16:00:30,263,16:26:29,57
128,06:00:30,263,06:24:29,291
128,07:06:30,263,07:30:29,291
128,08:04:30,263,08:28:29,291
128,10:04:30,263,10:28:29,291
128,13:04:30,263,13:28:29,291
128,14:05:30,263,14:33:29,291
128,15:02:30,263,15:30:29,291
128,17:00:30,263,17:28:29,291
128,19:04:30,263,19:28:29,291
128,21:04:30,263,21:28:29,291
128,05:51:30,263,05:55:29,1087
128,06:56:30,263,07:00:29,1087
128,07:53:30,263,07:57:29,1087
128,09:51:30,263,09:55:29,1087
128,12:51:30,263,12:55:29,1087
128,14:56:30,263,15:00:29,1087
128,16:55:30,263,17:00:29,1087
128,18:51:30,263,18:55:29,1087
128,20:51:30,263,20:55:29,1087
128,05:28:30,291,05:55:29,263
128,06:33:30,291,06:56:29,263
128,07:30:30,291,07:53:29,263
128,09:28:30,291,09:51:29,263
128,12:28:30,291,12:51:29,263
128,13:28:30,291,13:55:29,263
128,14:33:30,291,15:00:29,263
128,15:30:30,291,15:57:29,263
128,16:28:30,291,16:55:29,263
128,18:28:30,291,18:55:29,263
128,20:28:30,291,20:51:29,263
128,06:24:30,291,06:27:29,57
128,08:28:30,291,08:31:29,57
128,17:28:30,291,17:31:29,57
128,19:28:30,291,19:31:29,57
128,15:57:30,1087,16:00:29,263
128,05:56:30,1087,06:00:29,263
128,07:02:30,1087,07:06:29,263
128,08:00:30,1087,08:04:29,263
128,10:00:30,1087,10:04:29,263
128,13:00:30,1087,13:04:29,263
128,13:55:30,1087,14:05:29,263
128,19:00:30,1087,19:04:29,263
128,21:00:30,1087,21:04:29,263
129,04:57:30,108,05:10:29,291
129,05:30:30,108,05:43:29,291
129,06:10:30,108,06:23:29,291
129,08:05:30,108,08:18:29,291
129,13:30:30,108,13:43:29,291
129,14:10:30,108,14:23:29,291
129,14:43:30,108,14:56:29,291
129,15:30:30,108,15:43:29,291
129,16:50:30,108,17:03:29,291
129,05:44:30,108,05:57:29,291
129,06:30:30,108,06:43:29,291
129,07:10:30,108,07:23:29,291
129,07:42:30,108,07:55:29,291
129,08:20:30,108,08:33:29,291
129,09:00:30,108,09:13:29,291
129,09:40:30,108,09:53:29,291
129,11:00:30,108,11:13:29,291
129,12:20:30,108,12:33:29,291
129,13:40:30,108,13:53:29,291
129,14:20:30,108,14:33:29,291
129,15:40:30,108,15:53:29,291
129,16:25:30,108,16:38:29,291
129,17:00:30,108,17:13:29,291
129,17:40:30,108,17:53:29,291
129,19:00:30,108,19:13:29,291
129,20:20:30,108,20:33:29,291
129,21:00:30,108,21:13:29,291
129,21:40:30,108,21:53:29,291
129,22:20:30,108,22:33:29,291
129,05:15:30,108,05:28:29,291
129,06:40:30,108,06:53:29,291
129,08:00:30,108,08:13:29,291
129,09:20:30,108,09:33:29,291
129,10:00:30,108,10:13:29,291
129,10:40:30,108,10:53:29,291
129,11:20:30,108,11:33:29,291
129,12:00:30,108,12:13:29,291
129,12:40:30,108,12:53:29,291
129,13:20:30,108,13:33:29,291
129,14:47:30,108,15:00:29,291
129,15:20:30,108,15:33:29,291
129,16:00:30,108,16:13:29,291
129,16:40:30,108,16:53:29,291
129,18:00:30,108,18:13:29,291
129,18:40:30,108,18:53:29,291
129,19:20:30,108,19:33:29,291
129,20:00:30,108,20:13:29,291
129,20:40:30,108,20:53:29,291
129,22:00:30,108,22:13:29,291
129,22:40:30,108,22:53:29,291
129,06:20:30,108,06:33:29,291
129,07:00:30,108,07:13:29,291
129,07:36:30,108,07:49:29,291
129,08:10:30,108,08:23:29,291
129,13:10:30,108,13:23:29,291
129,13:50:30,108,14:03:29,291
129,14:30:30,108,14:43:29,291
129,15:10:30,108,15:23:29,291
129,15:50:30,108,16:03:29,291
129,16:30:30,108,16:43:29,291
129,05:10:30,291,05:27:29,108
129,05:43:30,291,06:00:29,108
129,07:43:30,291,08:00:29,108
129,13:03:30,291,13:20:29,108
129,13:43:30,291,14:00:29,108
129,14:23:30,291,14:40:29,108
129,14:56:30,291,15:13:29,108
129,16:28:30,291,16:45:29,108
129,05:18:30,291,05:35:29,108
129,05:57:30,291,06:14:29,108
129,06:43:30,291,07:00:29,108
129,07:23:30,291,07:40:29,108
129,07:55:30,291,08:12:29,108
129,08:33:30,291,08:50:29,108
129,09:13:30,291,09:30:29,108
129,10:33:30,291,10:50:29,108
129,11:53:30,291,12:10:29,108
129,13:13:30,291,13:30:29,108
129,13:53:30,291,14:10:29,108
129,15:13:30,291,15:30:29,108
129,15:53:30,291,16:10:29,108
129,16:38:30,291,16:55:29,108
129,17:13:30,291,17:30:29,108
129,18:33:30,291,18:50:29,108
129,19:53:30,291,20:10:29,108
129,20:33:30,291,20:50:29,108
129,21:13:30,291,21:30:29,108
129,21:53:30,291,22:10:29,108
129,05:00:30,291,05:15:29,108
129,06:10:30,291,06:27:29,108
129,07:33:30,291,07:50:29,108
129,08:53:30,291,09:10:29,108
129,09:33:30,291,09:50:29,108
129,10:13:30,291,10:30:29,108
129,10:53:30,291,11:10:29,108
129,11:33:30,291,11:50:29,108
129,12:13:30,291,12:30:29,108
129,12:53:30,291,13:10:29,108
129,14:13:30,291,14:30:29,108
129,15:00:30,291,15:17:29,108
129,15:33:30,291,15:50:29,108
129,16:13:30,291,16:30:29,108
129,17:33:30,291,17:50:29,108
129,18:13:30,291,18:30:29,108
129,18:53:30,291,19:10:29,108
129,19:33:30,291,19:50:29,108
129,20:13:30,291,20:30:29,108
129,21:33:30,291,21:50:29,108
129,22:13:30,291,22:30:29,108
129,05:36:30,291,05:53:29,108
129,06:33:30,291,06:50:29,108
129,07:13:30,291,07:30:29,108
129,07:49:30,291,08:06:29,108
129,12:43:30,291,13:00:29,108
129,13:23:30,291,13:40:29,108
129,14:03:30,291,14:20:29,108
129,14:43:30,291,15:00:29,108
129,15:23:30,291,15:40:29,108
129,16:03:30,291,16:20:29,108
130,06:23:30,291,06:46:29,527
130,07:03:30,291,07:26:29,527
130,15:43:30,291,16:06:29,527
130,09:53:30,291,10:16:29,527
130,11:13:30,291,11:36:29,527
130,12:33:30,291,12:56:29,527
130,14:33:30,291,14:56:29,527
130,17:53:30,291,18:16:29,527
130,19:13:30,291,19:36:29,527
130,22:33:30,291,22:56:29,527
130,05:28:30,291,05:53:29,527
130,06:53:30,291,07:16:29,527
130,08:13:30,291,08:36:29,527
130,13:33:30,291,13:56:29,527
130,16:53:30,291,17:16:29,527
130,20:53:30,291,21:16:29,527
130,06:46:30,527,07:03:29,291
130,07:26:30,527,07:43:29,291
130,16:06:30,527,16:28:29,291
130,05:01:30,527,05:18:29,291
130,10:16:30,527,10:33:29,291
130,11:36:30,527,11:53:29,291
130,12:56:30,527,13:13:29,291
130,14:56:30,527,15:13:29,291
130,18:16:30,527,18:33:29,291
130,19:36:30,527,19:53:29,291
130,05:53:30,527,06:10:29,291
130,07:16:30,527,07:33:29,291
130,08:36:30,527,08:53:29,291
130,13:56:30,527,14:13:29,291
130,17:16:30,527,17:33:29,291
130,21:16:30,527,21:33:29,291
131,07:02:30,380,07:19:29,717
131,15:10:30,380,15:27:29,717
131,06:26:30,380,06:43:29,717
131,14:30:30,380,14:47:29,717
131,15:30:30,380,15:47:29,717
131,06:44:30,380,07:01:29,717
131,08:30:30,380,08:47:29,717
131,14:50:30,380,15:07:29,717
131,05:12:30,380,05:33:29,748
131,06:10:30,380,06:31:29,748
131,08:00:30,380,08:21:29,748
131,13:16:30,380,13:37:29,748
131,14:12:30,380,14:33:29,748
131,16:15:30,380,16:36:29,748
131,17:25:30,380,17:46:29,748
131,21:40:30,380,22:01:29,748
131,05:24:30,380,05:45:29,748
131,07:20:30,380,07:41:29,748
131,13:24:30,380,13:45:29,748
131,21:20:30,380,21:41:29,748
131,05:50:30,380,06:11:29,748
131,07:35:30,380,07:56:29,748
131,13:54:30,380,14:15:29,748
131,15:50:30,380,16:11:29,748
131,16:50:30,380,17:11:29,748
131,15:50:30,718,16:05:29,29
131,08:50:30,718,09:05:29,29
131,07:24:30,718,07:41:29,380
131,15:30:30,718,15:47:29,380
131,16:39:30,718,17:00:29,380
131,06:48:30,718,07:05:29,380
131,14:52:30,718,15:09:29,380
131,07:06:30,718,07:23:29,380
131,15:10:30,718,15:27:29,380
131,08:21:30,748,08:40:29,29
131,18:15:30,748,18:34:29,29
131,22:15:30,748,22:34:29,29
131,07:42:30,748,08:01:29,29
131,07:59:30,748,08:20:29,29
131,17:14:30,748,17:33:29,29
131,05:36:30,748,05:57:29,380
131,06:32:30,748,06:53:29,380
131,13:40:30,748,14:01:29,380
131,14:36:30,748,14:57:29,380
131,05:50:30,748,06:11:29,380
131,13:55:30,748,14:16:29,380
131,21:45:30,748,22:06:29,380
131,06:14:30,748,06:35:29,380
131,14:18:30,748,14:39:29,380
131,16:14:30,748,16:35:29,380
134,05:50:30,138,06:12:29,752
134,06:35:30,138,06:57:29,752
134,07:17:30,138,07:39:29,752
134,08:30:30,138,08:52:29,752
134,12:30:30,138,12:52:29,752
134,13:30:30,138,13:52:29,752
134,14:30:30,138,14:52:29,752
134,15:30:30,138,15:52:29,752
134,16:30:30,138,16:52:29,752
134,17:30:30,138,17:52:29,752
134,18:30:30,138,18:52:29,752
134,06:15:30,752,06:34:29,138
134,06:57:30,752,07:16:29,138
134,07:40:30,752,07:59:29,138
134,09:00:30,752,09:19:29,138
134,13:00:30,752,13:19:29,138
134,14:00:30,752,14:19:29,138
134,15:00:30,752,15:19:29,138
134,16:00:30,752,16:19:29,138
134,17:00:30,752,17:19:29,138
134,18:00:30,752,18:19:29,138
134,19:00:30,752,19:19:29,138
135,21:15:30,23,22:00:29,23
135,06:30:30,148,06:47:29,760
135,08:03:30,148,08:20:29,760
135,12:53:30,148,13:10:29,760
135,15:00:30,148,15:17:29,760
135,18:28:30,148,18:45:29,760
135,07:15:30,148,07:30:29,1118
135,10:45:30,148,11:00:29,1118
135,16:30:30,148,16:45:29,1118
135,21:05:30,148,21:20:29,1118
135,09:15:30,760,09:33:29,57
135,15:35:30,760,15:53:29,57
135,19:40:30,760,19:58:29,57
135,07:15:30,760,07:37:29,148
135,14:05:30,760,14:27:29,148
135,07:35:30,1118,07:51:29,57
135,11:05:30,1118,11:21:29,57
135,16:50:30,1118,17:06:29,57
135,21:25:30,1118,21:41:29,57
136,06:30:30,291,06:50:29,769
136,07:27:30,291,07:47:29,769
136,08:17:30,291,08:37:29,769
136,12:30:30,291,12:50:29,769
136,13:27:30,291,13:47:29,769
136,14:07:30,291,14:27:29,769
136,14:47:30,291,15:07:29,769
136,15:30:30,291,15:50:29,769
136,16:47:30,291,17:07:29,769
136,17:47:30,291,18:07:29,769
136,18:47:30,291,19:07:29,769
136,19:47:30,291,20:07:29,769
136,12:27:30,554,12:30:29,291
136,13:10:30,554,13:27:29,291
136,06:00:30,680,06:12:29,769
136,06:13:30,769,06:30:29,291
136,07:10:30,769,07:27:29,291
136,08:00:30,769,08:17:29,291
136,08:40:30,769,08:57:29,291
136,13:50:30,769,14:07:29,291
136,14:30:30,769,14:47:29,291
136,15:13:30,769,15:30:29,291
136,16:30:30,769,16:47:29,291
136,17:30:30,769,17:47:29,291
136,18:30:30,769,18:47:29,291
136,19:30:30,769,19:47:29,291
136,20:12:30,769,20:27:29,291
137,05:55:30,391,06:20:29,586
137,06:20:30,586,06:40:29,772
137,07:20:30,586,07:40:29,772
137,08:20:30,586,08:40:29,772
137,09:20:30,586,09:40:29,772
137,10:20:30,586,10:40:29,772
137,11:20:30,586,11:40:29,772
137,12:20:30,586,12:40:29,772
137,13:20:30,586,13:40:29,772
137,14:20:30,586,14:40:29,772
137,15:50:30,586,16:10:29,772
137,16:50:30,586,17:10:29,772
137,17:50:30,586,18:10:29,772
137,18:50:30,586,19:10:29,772
137,19:50:30,586,20:10:29,772
137,14:50:30,586,15:10:29,772
137,21:50:30,586,22:05:29,325
137,06:50:30,772,07:20:29,586
137,07:50:30,772,08:20:29,586
137,08:50:30,772,09:20:29,586
137,09:50:30,772,10:20:29,586
137,10:50:30,772,11:20:29,586
137,11:50:30,772,12:20:29,586
137,12:50:30,772,13:20:29,586
137,13:50:30,772,14:20:29,586
137,15:20:30,772,15:50:29,586
137,16:20:30,772,16:50:29,586
137,17:20:30,772,17:50:29,586
137,18:20:30,772,18:50:29,586
137,19:20:30,772,19:50:29,586
137,21:20:30,772,21:50:29,586
137,14:20:30,772,14:50:29,586
140,05:00:30,61,05:45:29,748
140,07:00:30,61,07:45:29,748
140,13:00:30,61,13:45:29,748
140,21:00:30,61,21:45:29,748
140,06:15:30,748,06:53:29,61
140,14:15:30,748,14:53:29,61
140,22:15:30,748,22:53:29,61
140,08:15:30,748,08:47:29,351
141,05:15:30,179,05:46:29,748
141,07:15:30,179,07:46:29,748
141,13:15:30,179,13:46:29,748
141,21:15:30,179,21:46:29,748
141,06:20:30,748,06:58:29,179
141,08:10:30,748,08:41:29,239
141,14:20:30,748,14:51:29,239
141,22:10:30,748,22:41:29,239
144,09:00:30,141,09:57:29,322
144,16:40:30,141,17:37:29,322
144,19:10:30,141,20:07:29,322
144,07:50:30,322,08:50:29,141
144,15:40:30,322,16:40:29,141
144,18:00:30,322,19:00:29,141
145,05:03:30,391,05:45:29,712
145,07:33:30,391,08:15:29,712
145,13:03:30,391,13:45:29,712
145,21:03:30,391,21:45:29,712
145,06:15:30,712,06:40:29,25
145,14:15:30,712,14:40:29,25
145,17:10:30,712,17:35:29,25
145,22:15:30,712,22:40:29,25
145,06:15:30,712,06:54:29,211
145,14:15:30,712,14:54:29,211
145,17:10:30,712,17:49:29,211
145,22:15:30,712,22:54:29,211
145,05:17:30,782,05:45:29,712
145,07:47:30,782,08:15:29,712
145,13:17:30,782,13:45:29,712
145,21:17:30,782,21:45:29,712
146,05:04:30,108,05:42:29,712
146,07:34:30,108,08:12:29,712
146,13:04:30,108,13:42:29,712
146,21:04:30,108,21:42:29,712
146,05:14:30,330,05:42:29,712
146,13:14:30,330,13:43:29,712
146,21:14:30,330,21:42:29,712
146,06:15:30,712,06:49:29,108
146,14:15:30,712,14:49:29,108
146,17:10:30,712,17:44:29,108
146,22:15:30,712,22:49:29,108
146,06:15:30,712,06:49:29,108
146,14:15:30,712,14:49:29,108
146,22:15:30,712,22:49:29,108
147,06:15:30,712,06:48:29,792
147,14:15:30,712,14:48:29,792
147,17:10:30,712,17:48:29,792
147,22:15:30,712,22:48:29,792
147,06:15:30,712,06:48:29,792
147,14:15:30,712,14:48:29,792
147,22:15:30,712,22:48:29,792
147,05:14:30,792,05:48:29,712
147,07:42:30,792,08:16:29,712
147,13:14:30,792,13:48:29,712
147,21:12:30,792,21:48:29,712
147,21:32:30,792,21:48:29,712
147,05:32:30,803,05:48:29,712
147,13:32:30,803,13:48:29,712
150,14:35:30,803,15:00:29,824
150,16:07:30,803,16:32:29,824
150,05:30:30,803,06:02:29,834
150,18:11:30,803,18:52:29,834
150,15:11:30,803,16:00:29,805
150,07:01:30,803,08:00:29,805
150,11:11:30,803,11:55:29,805
150,16:11:30,803,16:51:29,805
150,20:11:30,803,20:55:29,805
150,15:50:30,803,16:07:29,824
150,04:30:30,805,05:11:29,803
150,06:20:30,805,07:07:29,803
150,08:08:30,805,08:45:29,803
150,12:15:30,805,13:00:29,803
150,17:00:30,805,17:45:29,803
150,21:00:30,805,21:45:29,803
150,06:45:30,820,07:07:29,803
150,15:00:30,824,15:22:29,803
150,05:30:30,835,06:07:29,803
151,04:35:30,291,04:59:29,807
151,06:35:30,291,06:59:29,807
151,12:35:30,291,12:59:29,807
151,15:05:30,291,15:29:29,807
151,16:35:30,291,16:59:29,807
151,20:00:30,291,20:24:29,807
151,05:21:30,291,05:22:29,246
151,05:00:30,807,05:21:29,291
151,07:00:30,807,07:21:29,291
151,13:00:30,807,13:21:29,291
151,15:30:30,807,15:51:29,291
151,17:00:30,807,17:21:29,291
151,20:30:30,807,20:51:29,291
205,06:00:30,23,08:30:29,803
205,08:00:30,23,10:00:29,23
205,11:40:30,23,12:30:29,23
205,08:00:30,23,10:00:29,23
205,06:00:30,23,08:30:29,23
205,06:00:30,23,08:30:29,23
205,06:00:30,23,08:30:29,23
205,15:55:30,549,16:40:29,23
239,05:50:30,71,06:35:29,291
239,05:22:30,246,05:50:29,71
245,05:54:30,23,06:55:29,220
246,06:00:30,23,06:50:29,23
250,05:40:30,220,06:22:29,1065
250,14:30:30,220,15:12:29,1065
250,16:30:30,220,17:12:29,1065
250,20:00:30,220,20:42:29,1065
250,06:25:30,1065,07:06:29,220
250,15:20:30,1065,16:01:29,220
250,17:20:30,1065,18:01:29,220
250,20:45:30,1065,21:26:29,220
253,18:36:30,309,18:41:29,355
257,06:40:30,148,07:03:29,1096
257,12:30:30,148,12:53:29,1096
257,14:30:30,148,14:53:29,1096
257,07:05:30,1096,07:29:29,148
257,13:00:30,1096,13:24:29,148
257,15:00:30,1096,15:24:29,148
286,06:07:30,588,06:32:29,1058
286,14:07:30,588,14:32:29,1058
286,22:07:30,588,22:32:29,1058
286,05:20:30,1058,05:45:29,588
286,13:15:30,1058,13:40:29,588
286,21:20:30,1058,21:45:29,588
287,05:19:30,242,05:45:29,588
287,13:14:30,242,13:40:29,588
287,21:19:30,242,21:45:29,588
287,05:19:30,242,05:45:29,588
287,13:14:30,242,13:40:29,588
287,21:19:30,242,21:45:29,588
287,14:07:30,588,14:28:29,242
287,22:07:30,588,22:28:29,242
287,06:07:30,588,06:28:29,242
287,14:07:30,588,14:28:29,242
287,22:07:30,588,22:28:29,242
288,05:12:30,220,05:45:29,588
288,13:07:30,220,13:40:29,588
288,21:12:30,220,21:45:29,588
288,05:12:30,220,05:45:29,588
288,13:07:30,220,13:40:29,588
288,21:12:30,220,21:45:29,588
288,06:07:30,588,06:34:29,220
288,14:07:30,588,14:32:29,220
288,22:07:30,588,22:32:29,220
288,06:07:30,588,06:34:29,220
288,14:07:30,588,14:32:29,220
288,22:07:30,588,22:32:29,220
289,14:07:30,588,14:31:29,1058
289,22:07:30,588,22:31:29,1058
289,14:07:30,588,14:31:29,1058
289,22:07:30,588,22:31:29,1058
289,06:07:30,588,06:31:29,1058
289,14:07:30,588,14:31:29,1058
289,22:07:30,588,22:31:29,1058
289,05:19:30,1058,05:45:29,588
289,13:14:30,1058,13:40:29,588
289,21:19:30,1058,21:45:29,588
289,05:19:30,1058,05:45:29,588
289,13:14:30,1058,13:40:29,588
289,21:19:30,1058,21:45:29,588
289,05:19:30,1058,05:45:29,588
289,13:14:30,1058,13:40:29,588
289,21:19:30,1058,21:45:29,588
